id,stake_amount,stake_duration,boost_multiplier,initial_staking,basicGold,totalGold,paidBNB
344ef901-eea9-4464-bd04-bf0a2ab7afc1,7.46,9.09,1.0,0,67811.4,67811.4,0.6781
a3c0443a-f67e-4662-a961-7f491c56ed1d,4.92,15.61,1.0,0,76801.2,76801.2,0.768
5c758eec-26f9-41b6-a7cb-dfa428305cfe,8.56,1.32,1.0,0,11299.2,11299.2,0.113
a20e3386-e8c3-4d69-8c35-689e04d89aee,8.45,22.33,1.5,0,188688.5,283032.75,1.8869
fe24577b-4825-4441-beb6-1adf8d3e42bd,8.14,10.34,1.0,0,84167.6,84167.6,0.8417
34861353-d1cf-45ad-813f-82f9bc1d3fd7,3.4,15.72,1.0,0,53448.0,53448.0,0.5345
7b24052d-d2e7-4ae6-96c3-6cd121bb7c95,1.63,0.26,1.0,0,423.8,423.8,0.0042
d25d792c-37ac-444b-8f2e-a6d57968914b,4.68,7.35,1.0,0,34398.0,34398.0,0.344
e39a449a-d09a-4deb-b41b-4fa664b21cc9,6.17,20.4,1.0,0,125868.0,125868.0,1.2587
245c62f8-099d-4aaa-a762-3a42886af593,3.88,15.4,1.0,0,59752.0,59752.0,0.5975
3e6e3303-de9f-48e6-b8b4-c7f6348bea11,8.98,9.45,1.0,0,84861.0,84861.0,0.8486
6954d3bc-812c-43ae-a78e-f6cd1884fd73,6.68,2.93,1.0,0,19572.4,19572.4,0.1957
c0090615-4b5c-4af7-9ba0-d103b66d3b64,1.93,5.67,1.0,0,10943.1,10943.1,0.1094
2d608e7c-24fe-4f9d-8a74-ac5f70a34c2e,8.33,21.93,1.0,0,182676.9,182676.9,1.8268
572b40fc-b3b7-44e5-abb7-0b873cd3ec73,4.9,12.68,1.0,0,62132.0,62132.0,0.6213
06e65285-e0a1-4fee-85dd-d7763541709f,1.73,19.61,5.0,0,33925.3,169626.5,0.3393
4b1a0c94-7baf-4efa-96b8-eb5cfcb69813,8.94,14.13,1.0,0,126322.2,126322.2,1.2632
f48043ba-50e7-46f7-815c-6a3e9ced4af4,4.33,14.63,1.0,0,63347.9,63347.9,0.6335
83945e8f-b6da-4884-bcaa-670daed03f91,7.71,11.34,1.5,0,87431.4,131147.1,0.8743
653fc356-3c63-4877-8160-8f013575a7c5,6.75,6.52,1.0,0,44010.0,44010.0,0.4401
cb3b91bf-010f-47e9-845e-899b2e850bb3,4.81,11.54,1.0,0,55507.4,55507.4,0.5551
d9036e0d-3873-4982-b3bc-aab1c5131ff9,9.97,2.27,1.0,0,22631.9,22631.9,0.2263
27f16047-5fc5-4128-b774-4079ef2483fb,1.8,0.74,1.0,0,1332.0,1332.0,0.0133
62a377a9-3ffa-42d6-90a2-db7fdbddbc55,5.81,9.61,1.0,0,55834.1,55834.1,0.5583
89f0f5be-01a0-4054-b3ca-a4dc2eb8b17f,3.44,4.47,1.0,0,15376.8,15376.8,0.1538
7fd55956-b490-4a5a-8417-b0682527ea3b,3.03,9.59,1.0,0,29057.7,29057.7,0.2906
4009e5bf-061d-48da-9956-e314e1278df6,3.27,15.45,1.0,0,50521.5,50521.5,0.5052
4105360f-5078-4e89-b308-91c90446a7c1,4.97,11.98,1.0,0,59540.6,59540.6,0.5954
90423960-bc87-4dfb-9178-567934dc8eb8,9.2,1.15,1.0,0,10580.0,10580.0,0.1058
558ded3a-ebf5-4059-bf08-7455c75a6d8c,7.1,5.11,1.0,0,36281.0,36281.0,0.3628
7d5eebff-89be-4414-8b17-1beee1bc393a,6.63,7.39,1.0,0,48995.7,48995.7,0.49
e766c810-d36a-4b74-a93f-bf04fe7a7478,6.52,4.18,1.0,0,27253.6,27253.6,0.2725
90f6f989-bff5-4769-8b83-ae8b4777f33b,8.18,11.79,1.0,0,96442.2,96442.2,0.9644
bc10cdac-cda6-4b53-b659-2669a3f5406c,6.76,5.33,1.0,0,36030.8,36030.8,0.3603
9e892199-475a-42b6-af03-af654546e2a3,3.51,2.9,1.0,0,10179.0,10179.0,0.1018
ea6f24b7-fc8d-484e-8ae6-17af1dd64faa,3.42,20.35,1.1,0,69597.0,76556.7,0.696
474d89d5-ce34-4a75-8f18-99de79f4aac8,5.46,22.26,1.0,0,121539.6,121539.6,1.2154
9d7b11c1-885d-4711-8c8b-ded022779bc1,8.58,19.38,1.0,0,166280.4,166280.4,1.6628
a8ba136d-a139-42dd-a01a-84d3a591fc8a,5.76,0.71,1.0,0,4089.6,4089.6,0.0409
c1b2b873-d7ee-408b-b495-e4792e9dfe2b,3.37,17.98,1.5,0,60592.6,90888.9,0.6059
4a121fb4-835f-4006-98c0-e702afa23403,1.64,7.36,1.0,0,12070.4,12070.4,0.1207
9da43605-a6c8-4938-9c9e-691ed393291d,3.0,10.4,2.0,0,31200.0,62400.0,0.312
00f66158-73a2-4c62-9057-520ae5bd8f48,5.0,7.39,1.1,0,36950.0,40645.0,0.3695
f49a9a44-a740-476b-80aa-9a31339870e4,1.72,2.15,1.0,0,3698.0,3698.0,0.037
272d2ab2-ae5f-44a2-af33-bf6e6535ebf0,9.35,17.93,1.0,0,167645.5,167645.5,1.6765
62a876e2-b08f-470e-9e21-28a99e04f2c5,7.85,2.76,1.0,0,21666.0,21666.0,0.2167
158e417d-70bf-4121-91b0-c997a8b1cc59,2.39,3.76,1.0,0,8986.4,8986.4,0.0899
7c0b5c53-dbd7-417c-9e3d-73dcd3333492,4.5,18.22,1.0,0,81990.0,81990.0,0.8199
12785b4e-ee81-478c-9a35-06498803f3a6,8.88,19.84,1.0,0,176179.2,176179.2,1.7618
e3d0e818-0099-4d12-a3aa-aea721c19b0b,2.41,21.96,1.0,0,52923.6,52923.6,0.5292
9b862afd-71b4-4e53-ada7-6b89e0028858,3.86,17.74,1.0,0,68476.4,68476.4,0.6848
9e162276-623a-48c2-b9e0-59a1a87709db,3.49,12.98,1.0,0,45300.2,45300.2,0.453
2fe26367-a970-458a-8634-c392c3995ae3,7.33,13.5,1.0,0,98955.0,98955.0,0.9896
45fd6378-a65d-4b52-ae3f-09d29211b37b,6.94,2.66,1.0,0,18460.4,18460.4,0.1846
e653c704-8c91-4643-9aec-24fc4dc71ce3,6.95,1.14,1.1,0,7923.0,8715.3,0.0792
0fc045a4-72a4-4175-b8b9-6554f16b4c11,7.61,3.82,1.0,0,29070.2,29070.2,0.2907
76aa200b-dac6-4371-a797-d9f1bdfd211b,9.31,8.91,1.0,0,82952.1,82952.1,0.8295
666a1533-19ce-4981-a460-a549f89fcedd,3.46,8.67,1.0,0,29998.2,29998.2,0.3
19c06f3e-8fe1-46aa-81de-3a61f2272863,5.26,15.46,1.0,0,81319.6,81319.6,0.8132
87c2d093-d395-4fa0-b470-7fbb6948cef5,4.11,6.38,1.0,0,26221.8,26221.8,0.2622
e785802b-907a-4c46-aaf5-a57705eb32a0,4.3,6.88,1.0,0,29584.0,29584.0,0.2958
674905fb-21d1-4b4d-a7d1-232d84ca42d6,1.45,10.19,1.0,0,14775.5,14775.5,0.1478
a68207c3-1f53-4b26-963f-be8653206aaf,2.93,19.63,1.0,0,57515.9,57515.9,0.5752
d10bf1bc-3707-45b0-b994-71b73710d78e,6.89,11.32,1.0,0,77994.8,77994.8,0.7799
80bc1761-a5f1-4fad-8be6-523bf4595eef,8.61,19.48,1.0,0,167722.8,167722.8,1.6772
2588bb71-cc0e-4590-a0ab-cd79f12a905c,8.44,5.36,1.5,0,45238.4,67857.6,0.4524
0789abd3-f9a5-4de2-b58d-03f718d8f58b,1.42,13.65,1.0,0,19383.0,19383.0,0.1938
6d92bd5d-ce92-4575-94af-1a17b6bbcbdf,4.38,1.07,1.25,0,4686.6,5858.25,0.0469
fe5df91e-1372-44cf-baa2-650fe181df87,2.38,14.46,1.0,0,34414.8,34414.8,0.3441
dc0495d8-2b3a-464e-a415-06f5c1313e4c,9.94,12.64,1.0,0,125641.6,125641.6,1.2564
65f9dba0-bd32-4883-9a4e-f8abe7c5a3e2,4.94,16.21,1.0,0,80077.4,80077.4,0.8008
1ffd1f07-1849-4278-a49c-ed825c495a3a,8.32,12.85,1.0,0,106912.0,106912.0,1.0691
8b6d27a9-a558-4021-aec2-dda4684e21b7,2.12,0.6,1.0,0,1272.0,1272.0,0.0127
46fd90db-118c-4b55-bb19-fe9d063a89a0,9.06,0.2,1.0,0,1812.0,1812.0,0.0181
8ec2bd3e-3abd-48ec-bf4a-2ef30740955e,4.23,14.44,1.0,0,61081.2,61081.2,0.6108
8c39328d-f15b-4c0a-bfae-7de3379d70c1,8.24,0.66,2.0,0,5438.4,10876.8,0.0544
11621ff0-4d71-42d6-97cc-465b5c956b33,8.22,17.96,1.0,0,147631.2,147631.2,1.4763
ef3b6b75-28a8-497e-876c-2dffb9c87bb5,8.39,18.46,5.0,0,154879.4,774397.0,1.5488
3c0b9211-d22c-4cf9-9025-1734044b00dd,5.96,15.29,2.0,0,91128.4,182256.8,0.9113
3a60ce34-72f2-4d14-a64f-8771526a293d,5.28,7.4,1.0,0,39072.0,39072.0,0.3907
f9e1f089-0049-433b-9901-48798c554409,2.71,2.04,1.0,0,5528.4,5528.4,0.0553
43bea2cc-bc9d-4955-adc8-4776bed98293,6.47,7.36,1.0,0,47619.2,47619.2,0.4762
cb2b253e-df34-4610-9023-a6f44d6fafba,2.25,1.06,1.0,0,2385.0,2385.0,0.0239
b1ad43f1-2cbb-4a7d-bccd-eeec45417ff8,8.66,11.9,1.0,0,103054.0,103054.0,1.0305
c82637b4-c319-4b17-872e-0fd01f3e717f,8.41,9.65,1.0,0,81156.5,81156.5,0.8116
0bec5321-0834-4fc0-b0ac-f4b2cb332d24,4.67,15.18,1.5,0,70890.6,106335.9,0.7089
4e9595fe-d76b-4395-b9f0-767af2686b88,9.06,16.01,1.0,0,145050.6,145050.6,1.4505
6816a3d0-c051-4702-9a17-980c820e0e53,6.4,17.1,1.0,0,109440.0,109440.0,1.0944
6d40c051-4219-445f-8f78-758314696e3d,7.8,7.89,1.0,0,61542.0,61542.0,0.6154
e88dc8eb-1562-48e4-baef-ef9cfae2f073,5.02,9.87,1.0,0,49547.4,49547.4,0.4955
8f7d5ccc-704b-4de2-8dff-c09d04779b66,4.21,6.91,2.0,0,29091.1,58182.2,0.2909
5c0eca6a-0027-4664-92bb-4118f2407f49,5.63,4.41,1.0,0,24828.3,24828.3,0.2483
070c1b4e-e4d8-4247-b5cf-0032af9a8003,3.84,5.31,1.0,0,20390.4,20390.4,0.2039
9aafc376-3fff-49ce-969c-d3b05fd806ff,8.88,9.62,1.0,0,85425.6,85425.6,0.8543
dc63794d-c6d3-4b6a-84ab-6652aa3adf40,8.99,15.02,1.0,0,135029.8,135029.8,1.3503
9fadb0b5-fa52-4cf0-9c90-28b36fcb9bdc,1.34,18.85,1.1,0,25259.0,27784.9,0.2526
9a2143a1-54bb-4393-9020-542cff0b637d,9.66,9.85,1.0,0,95151.0,95151.0,0.9515
63e078b2-d95b-4546-ad44-a527618eac84,4.95,2.5,1.0,0,12375.0,12375.0,0.1238
6c08ab2c-47a5-4886-80ee-b38dba0f6e41,5.72,8.38,1.0,0,47933.6,47933.6,0.4793
1ad2335b-61c2-492d-b733-f3e6ffb85e03,9.75,9.57,1.0,0,93307.5,93307.5,0.9331
2d0ecf09-d79e-41a2-abf9-315ee1a0bc77,4.75,15.66,1.0,0,74385.0,74385.0,0.7439
af2947c4-2297-426b-a124-27cce9bff6f3,9.27,2.86,1.0,0,26512.2,26512.2,0.2651
3e6524b0-da9b-4b83-b029-505a594f11a7,8.97,4.23,1.0,0,37943.1,37943.1,0.3794
a1b79c69-52c9-4825-8614-4482b8e80027,3.57,1.41,1.0,0,5033.7,5033.7,0.0503
327291c5-0f1a-4ed0-8ab4-3117cea09ac2,6.87,4.0,1.0,0,27480.0,27480.0,0.2748
8c8ec6c6-e95a-4b12-b9c9-a380ca58eeb7,8.91,17.4,1.0,0,155034.0,155034.0,1.5503
64d7be89-9d2d-40bc-9e33-5bbdf11039b4,1.15,21.58,1.0,0,24817.0,24817.0,0.2482
0e8fb6da-b455-45cc-b609-98ee2d75487b,9.53,14.85,2.0,0,141520.5,283041.0,1.4152
6146effa-0a95-4d28-9b31-a1cf60d226b5,7.93,6.48,1.5,0,51386.4,77079.6,0.5139
d0dafe4a-c007-4cd3-85a4-b99467b9e3fa,6.9,1.71,1.0,0,11799.0,11799.0,0.118
f7b24a0d-9078-4f4f-b7a6-857b280eda1b,9.15,2.08,1.0,0,19032.0,19032.0,0.1903
4256e807-0c10-489a-b0de-ee6cb4ccb64c,2.39,0.25,1.0,0,597.5,597.5,0.006
13ec08ed-c810-48af-a370-c2faca67ca4e,3.75,11.78,2.0,0,44175.0,88350.0,0.4418
f125dab6-d94a-4ef6-ad8a-32beb8e296d0,4.48,22.94,1.0,0,102771.2,102771.2,1.0277
539bc4f4-faf2-401a-b270-1a5993a470aa,6.5,2.47,1.0,0,16055.0,16055.0,0.1606
df00ba3e-cd32-45bf-9fc2-1f09cd985aef,5.47,4.02,1.0,0,21989.4,21989.4,0.2199
3155001c-580e-41cb-a1f8-51f50de9b828,8.93,8.77,1.0,0,78316.1,78316.1,0.7832
48f02986-bbfc-465b-877b-649571a7ab83,2.58,10.38,1.0,0,26780.4,26780.4,0.2678
719f1ba8-5963-47a4-8557-a835727fd09c,1.2,14.67,1.0,0,17604.0,17604.0,0.176
27bc963f-5e1f-47b3-b190-40e56197d140,6.36,1.11,1.1,0,7059.6,7765.56,0.0706
85beafb7-c694-490b-9c96-57635b5e01f0,3.68,16.85,1.0,0,62008.0,62008.0,0.6201
5b187955-0014-4fcf-b57d-35cc13f093bc,3.97,16.21,1.0,0,64353.7,64353.7,0.6435
41aae285-9f86-4329-bd74-b067c276b210,7.95,7.51,1.0,0,59704.5,59704.5,0.597
fc260666-c4a1-47d1-aac8-f24eb2cdf77b,2.02,11.32,1.0,0,22866.4,22866.4,0.2287
887dd76a-870f-429c-9e67-ca339bc8527a,6.83,13.72,1.0,0,93707.6,93707.6,0.9371
89c15863-5c52-402d-aa63-f1e0824b365d,2.39,14.77,1.0,0,35300.3,35300.3,0.353
e23f6a1c-8b48-4a6d-af49-314c85f83197,6.39,4.67,1.0,0,29841.3,29841.3,0.2984
f231418f-097f-4323-95d1-31fc0568aaf2,8.19,0.14,1.0,0,1146.6,1146.6,0.0115
4ffdd5dd-f517-4197-bf7f-56a7e8b7eca8,3.73,12.19,1.0,0,45468.7,45468.7,0.4547
31db7cce-6318-4c27-ace7-f6f8f0289110,9.93,11.49,1.0,0,114095.7,114095.7,1.141
ae5cb85e-b4ea-444e-8664-a169c15cd265,5.25,17.68,5.0,0,92820.0,464100.0,0.9282
eecba2da-5a82-4d18-919a-aab4d3a22098,5.65,8.45,1.0,0,47742.5,47742.5,0.4774
56fc3e79-ce45-47cd-99d1-f3107814a2bb,9.86,19.93,1.0,0,196509.8,196509.8,1.9651
07a7aa29-99f5-4154-a5f9-14ccdce4b007,4.12,9.16,1.0,0,37739.2,37739.2,0.3774
aee1b25a-9a55-43d2-b080-ae4110cf624b,8.87,21.75,1.0,0,192922.5,192922.5,1.9292
b669f5ff-81cf-485d-b6c4-6dabd6bbf301,2.23,18.41,1.0,0,41054.3,41054.3,0.4105
6f9911cc-0eda-447f-92a8-22c9674b9b06,7.0,1.27,1.0,0,8890.0,8890.0,0.0889
155b900d-8f8e-4358-b61c-4c1d8688d98e,6.91,3.53,1.0,0,24392.3,24392.3,0.2439
66be59e2-282f-4206-95ee-9590bf72b783,7.42,21.09,2.0,0,156487.8,312975.6,1.5649
fe6495c6-31d4-457c-8e14-06c80ddedec8,6.23,2.16,1.0,0,13456.8,13456.8,0.1346
04937666-e245-4a3c-a978-c0bcb1922296,6.03,4.22,1.1,0,25446.6,27991.26,0.2545
cc00b50a-ffc0-4172-ae11-ed49daa67aaa,5.54,7.98,1.0,0,44209.2,44209.2,0.4421
d36e70e6-bbda-4027-b77b-eb28d884b30c,2.32,6.22,5.0,0,14430.4,72152.0,0.1443
9c1406d6-b5ba-44e1-bf27-4e6f0957cde7,5.15,4.14,1.0,0,21321.0,21321.0,0.2132
8ee00747-0e70-424a-8932-3c22207dbc11,1.26,22.09,1.0,0,27833.4,27833.4,0.2783
bffa9d30-86ec-4dab-8765-3632854731c6,8.01,9.59,1.1,0,76815.9,84497.49,0.7682
bf9467e8-175a-4977-b089-d634ae96b4dc,2.0,10.21,2.0,0,20420.0,40840.0,0.2042
e4e47243-f0db-478a-b68c-f63929813f38,3.05,17.28,1.0,0,52704.0,52704.0,0.527
adcc05ff-81f8-4f32-99c8-b4e64a2bd37c,8.59,0.16,1.0,0,1374.4,1374.4,0.0137
f0538606-dd64-43ae-9ab0-0240d4dcf149,4.59,10.48,1.5,0,48103.2,72154.8,0.481
7e80863c-ff0b-4e7e-b73f-16389d53294a,3.12,1.78,1.0,0,5553.6,5553.6,0.0555
e72dbecb-caf5-4313-a8b3-0cc10a67e75f,8.39,4.8,1.1,0,40272.0,44299.2,0.4027
f1ca4f75-fa2c-404e-8dc7-8db9b733bd69,4.53,20.08,1.0,0,90962.4,90962.4,0.9096
cac2c81c-f837-41a0-a6a1-fe7ff7b0e166,3.28,12.74,1.0,0,41787.2,41787.2,0.4179
ca8a7495-f121-4000-824d-c3813a8bbe93,1.03,0.14,1.0,0,144.2,144.2,0.0014
6df52c3c-833d-4574-9774-9486d337a727,5.12,2.07,5.0,0,10598.4,52992.0,0.106
373fa2f8-7953-421f-a2f7-fc6636952cc6,6.39,17.53,1.0,0,112016.7,112016.7,1.1202
b073be5b-1ba2-45e7-9f46-35db31714869,1.06,9.71,1.0,0,10292.6,10292.6,0.1029
fed40e63-5536-4fce-bf4f-5ec0c2c4c732,1.93,8.31,1.5,0,16038.3,24057.45,0.1604
35b7829c-f542-4224-bccf-d95512a04657,7.49,10.38,1.0,0,77746.2,77746.2,0.7775
70cc05da-3fea-4698-ae31-33db7b049f83,7.23,21.42,1.5,0,154866.6,232299.9,1.5487
72c5ebd0-e3dc-4559-a3ea-54d136a03e62,6.68,19.69,1.0,0,131529.2,131529.2,1.3153
0241e4f8-ec7c-4d4a-9081-c7f0d11084fe,7.83,22.29,1.0,0,174530.7,174530.7,1.7453
5f24bf22-2326-41c1-9331-489a8478f8a5,4.16,8.95,1.0,0,37232.0,37232.0,0.3723
de08613b-7f33-40ea-a91d-42728077f997,6.85,11.54,1.0,0,79049.0,79049.0,0.7905
e32378f0-d65a-43e2-8ea6-cd92de2306bf,9.86,19.13,1.0,0,188621.8,188621.8,1.8862
7b9e0ab5-59bc-45d3-a6d5-0828ad98b76e,7.71,8.21,1.0,0,63299.1,63299.1,0.633
aba635c9-5386-458e-b3a8-2c982cb98621,2.05,12.91,1.0,0,26465.5,26465.5,0.2647
7674cb39-9d90-4c07-85ec-7970302f9cdf,2.95,11.5,1.0,0,33925.0,33925.0,0.3393
e6d102e5-8e75-4c44-b11d-9c8a60579878,8.83,19.84,1.0,0,175187.2,175187.2,1.7519
3643bc1a-da9a-4819-abfe-9f6440b0b0e4,9.32,0.51,1.0,0,4753.2,4753.2,0.0475
fe8fbc9e-e91c-4443-9c93-f81a037b875b,4.69,12.78,1.0,0,59938.2,59938.2,0.5994
85503165-f32d-465e-a6aa-f656974910b8,4.35,16.67,1.0,0,72514.5,72514.5,0.7251
5a22dd32-12fd-450b-9680-a9540204e5fe,7.86,21.08,1.0,0,165688.8,165688.8,1.6569
50b8f60e-52ba-46ed-a462-a16106127f22,3.83,8.29,1.0,0,31750.7,31750.7,0.3175
5459e742-a380-495d-9720-cc422d5b9893,8.92,14.69,1.0,0,131034.8,131034.8,1.3103
91ab342d-3073-43ed-8f1e-b7a3be776715,2.67,2.28,1.0,0,6087.6,6087.6,0.0609
719622d8-84d8-49fe-8633-34e13d0b807e,5.81,8.85,1.0,0,51418.5,51418.5,0.5142
c47e5331-c7f3-4352-958e-fcd03b52c357,2.54,1.63,1.0,0,4140.2,4140.2,0.0414
e6458f09-57db-41c4-b109-00fdf7af251e,7.8,19.91,1.0,0,155298.0,155298.0,1.553
4ae1bb57-8452-4f89-a6b2-88ca6b9c82d6,8.48,3.7,1.25,0,31376.0,39220.0,0.3138
7d9b19f8-b62e-4d7b-8f60-186c6ac129a2,7.45,7.99,1.25,0,59525.5,74406.88,0.5953
252b4f62-19f8-4302-87a8-e36177f97b38,7.07,19.47,1.0,0,137652.9,137652.9,1.3765
afbb72ad-b1bc-4cc9-93fa-fa0618af9ecc,2.07,16.62,1.5,0,34403.4,51605.1,0.344
0c6dc43e-6465-4180-bc70-b492e183a57a,8.47,4.56,1.0,0,38623.2,38623.2,0.3862
889dc60d-8145-4b1c-9fde-cef800afbd8e,7.62,2.75,1.0,0,20955.0,20955.0,0.2096
778001a2-1b0a-454e-a830-0076c30f7796,2.7,6.44,1.0,0,17388.0,17388.0,0.1739
98353d84-080f-4e26-a011-669ae1049b56,6.03,21.03,1.0,0,126810.9,126810.9,1.2681
f712489f-6de8-427d-9702-cdd7ea61a6ed,8.65,14.85,1.0,0,128452.5,128452.5,1.2845
ecf0d660-a4ec-480a-a7f3-76ba89361323,7.39,13.64,1.0,0,100799.6,100799.6,1.008
788167ab-48c9-46d5-9672-1e7648034c6d,3.34,3.58,1.0,0,11957.2,11957.2,0.1196
6dea76dc-0d32-4b73-b10b-d799ba8f5b82,1.73,2.45,1.0,0,4238.5,4238.5,0.0424
c8fc644c-5094-4f5d-a3d0-4e15e5b0d75b,7.0,22.69,1.0,0,158830.0,158830.0,1.5883
80a2dbb2-3472-4409-b8e9-fd61798405d4,7.04,9.7,1.0,0,68288.0,68288.0,0.6829
112fee64-f6b9-48d1-b73b-80095db4ce9e,6.88,17.61,1.0,0,121156.8,121156.8,1.2116
e4b9b566-71ae-4353-b1b9-987c8fb9db22,3.68,17.29,1.0,0,63627.2,63627.2,0.6363
4edacd3d-b82c-47e2-a720-93fc3c0bbab5,8.95,22.36,1.0,0,200122.0,200122.0,2.0012
7a85eb83-f708-4241-8561-e1e34f6e1886,8.89,2.86,1.0,0,25425.4,25425.4,0.2543
31598637-a033-469d-ad40-d91240688cf0,2.71,13.8,1.0,0,37398.0,37398.0,0.374
b8036cfd-da87-4ff9-8f2a-ed29d3d26692,6.74,17.6,1.0,0,118624.0,118624.0,1.1862
9822decc-8d4b-476f-8381-5cbe7fa88a37,2.57,10.97,1.0,0,28192.9,28192.9,0.2819
d3b9b353-872b-45af-b19f-44da33b2c735,3.1,12.48,1.1,0,38688.0,42556.8,0.3869
255122bc-aa7c-4b51-b7bf-e9aae8020674,9.81,15.69,1.0,0,153918.9,153918.9,1.5392
4a0756c5-b96e-4550-80ea-8342239a98f6,9.58,13.82,1.1,0,132395.6,145635.16,1.324
0076d3a9-f2dc-438d-ac2d-469098a4125c,3.88,21.55,1.0,0,83614.0,83614.0,0.8361
b2489011-7370-48b6-af6a-65eea8ecc359,8.77,10.6,1.0,0,92962.0,92962.0,0.9296
d4f7bf54-a99f-468a-9ad5-e5b964acb170,2.46,16.0,1.5,0,39360.0,59040.0,0.3936
65f136a3-986b-4c08-aa1f-012561554f25,9.53,20.42,1.0,0,194602.6,194602.6,1.946
c6fe4a51-7948-4bb6-ad8a-14d7377ea16a,1.28,3.37,1.5,0,4313.6,6470.4,0.0431
f68d4f2f-381d-41f0-bc4b-6a3de1e39200,4.82,5.4,1.0,0,26028.0,26028.0,0.2603
8a83b6cc-e40a-401f-814f-5897bfd61bb1,8.89,19.8,1.0,0,176022.0,176022.0,1.7602
7ab95aad-ea93-415a-b7e2-14cdf44963fa,7.19,14.27,1.0,0,102601.3,102601.3,1.026
f65b4214-3e60-4520-9aa0-89bfbda12bf4,1.71,1.92,1.0,0,3283.2,3283.2,0.0328
d35c1051-029f-4cd9-b196-52dcb9b045e0,6.91,9.02,1.0,0,62328.2,62328.2,0.6233
4b0764d1-c300-46ef-9f23-c088ced2dde8,1.95,7.16,1.0,0,13962.0,13962.0,0.1396
0ee6d966-dda9-408b-8a83-fe05b9a5cd0e,9.22,14.62,1.0,0,134796.4,134796.4,1.348
aca752ac-e4a2-4290-90cc-87c3cc6c4f4d,8.5,3.71,1.0,0,31535.0,31535.0,0.3154
42b8e785-b96e-4996-9470-6043c5c7a230,1.76,9.45,1.0,0,16632.0,16632.0,0.1663
13b27439-498c-4c9b-af1a-bd67a1ac0125,5.6,22.73,1.0,0,127288.0,127288.0,1.2729
a45a1b9d-0a5a-4a8a-b96c-ae7e6823b337,8.57,21.94,1.0,0,188025.8,188025.8,1.8803
69dd6799-82bc-40e2-b74a-943fb7ec4a42,4.04,6.36,1.0,0,25694.4,25694.4,0.2569
02988ac4-e1b9-405c-9a1d-852c9fdadf1a,4.59,21.65,1.1,0,99373.5,109310.85,0.9937
3a7b43ca-0434-48e7-90e2-c6dd889b4db7,8.36,19.19,1.0,0,160428.4,160428.4,1.6043
ac09fc83-8271-41b8-bd46-7931382f746f,2.07,18.48,1.0,0,38253.6,38253.6,0.3825
92ca6c8c-8d68-41a6-a783-97661b1b4ca2,1.53,5.57,1.25,0,8522.1,10652.62,0.0852
c339745b-a0d5-4024-b9ad-2e6298681305,4.27,3.12,1.0,0,13322.4,13322.4,0.1332
ed222939-a7cf-4252-ba12-e0b5cba6fb92,3.98,11.16,1.0,0,44416.8,44416.8,0.4442
5e43b24e-5bea-4416-b25a-bf4f9d2c9f2a,6.54,0.25,1.0,0,1635.0,1635.0,0.0163
6c7fd3dc-b808-4af8-b4ea-e22ae165e1d2,1.04,21.78,1.0,0,22651.2,22651.2,0.2265
82e2f00c-53b3-43c5-881b-778a90f094a5,1.02,22.29,1.0,0,22735.8,22735.8,0.2274
71beae7f-feed-4706-af8f-57aa5e554395,9.79,13.02,1.0,0,127465.8,127465.8,1.2747
9c2e0a1f-7903-4438-a363-91f806225a57,9.67,16.24,1.0,0,157040.8,157040.8,1.5704
bcf76992-ffa4-4d4a-ae1f-fe1550cbf497,4.98,8.17,1.0,0,40686.6,40686.6,0.4069
4bb4fdce-47cb-4744-902d-2a17fae5234e,7.92,10.63,1.0,0,84189.6,84189.6,0.8419
65e5e1ca-e292-4157-86f3-080c5e079f89,1.52,11.14,1.0,0,16932.8,16932.8,0.1693
085ced10-5b1d-42f6-93c1-3031375f83a2,6.38,10.49,1.0,0,66926.2,66926.2,0.6693
e1c5a5e2-6c55-414a-99ea-2412e85ec97d,1.59,16.27,1.0,0,25869.3,25869.3,0.2587
4901710e-254d-4c9c-9326-c4627f450973,9.69,5.64,2.0,0,54651.6,109303.2,0.5465
7c6861b2-51fe-4d5b-9fdd-e6a62bbfe59d,4.33,22.6,1.0,0,97858.0,97858.0,0.9786
b1b3ee8e-1f99-4f35-9854-0da2e05d0b80,7.6,15.84,1.0,0,120384.0,120384.0,1.2038
b3d653ca-1a79-4235-8292-a7cd7f4c9f36,2.24,1.02,1.0,0,2284.8,2284.8,0.0228
bf91e10a-9618-43f1-a351-a14c92961057,2.0,14.99,1.0,0,29980.0,29980.0,0.2998
53f1d797-5f45-4bad-ab61-9131823fadbe,7.09,7.06,1.0,0,50055.4,50055.4,0.5006
e941d950-113e-431f-87dd-70e0214ddd94,1.58,7.48,1.0,0,11818.4,11818.4,0.1182
84e85983-226f-4664-991d-6a81d1dac30e,4.18,16.43,1.0,0,68677.4,68677.4,0.6868
6f265af0-66b6-4f40-a9cd-9b0ed54404bc,3.27,2.19,1.0,0,7161.3,7161.3,0.0716
8f38e36c-36be-40ed-9e77-194c0d67fc52,7.16,16.54,1.0,0,118426.4,118426.4,1.1843
1bc6d926-5b0a-4143-95fb-9661b1c9b610,4.24,13.46,1.0,0,57070.4,57070.4,0.5707
f40969a7-6e51-4b5c-9949-e3a9226692a6,2.96,0.16,1.25,0,473.6,592.0,0.0047
bcd04d2f-d0df-4e40-b062-885cb497fb63,3.52,18.05,1.0,0,63536.0,63536.0,0.6354
d38faf53-fbc3-4d1a-82c3-4521ab15651b,7.31,16.56,1.5,0,121053.6,181580.4,1.2105
8c86291b-c4db-4f75-a471-42e2d4843aac,7.87,18.72,1.0,0,147326.4,147326.4,1.4733
2ed1816a-e77f-4a8b-8e48-0fb00e83a5e1,6.17,12.91,1.1,0,79654.7,87620.17,0.7965
bb54ce4f-7890-4a8a-98b2-a79ee1fbb54a,3.64,22.51,1.0,0,81936.4,81936.4,0.8194
e9c8ed2d-f2a1-4fc1-a17a-02345384849f,2.58,20.58,1.0,0,53096.4,53096.4,0.531
04602e57-93dc-4659-be7d-30ed299d9b58,3.78,12.49,2.0,0,47212.2,94424.4,0.4721
c82b61ec-f839-4ada-b68c-1a97bec85d09,8.85,4.24,1.0,0,37524.0,37524.0,0.3752
61e9474c-94fc-4c71-af64-691fc8881578,3.83,4.65,1.0,0,17809.5,17809.5,0.1781
685963fa-ca2f-4e41-ab43-a082bbc27fb0,9.79,18.06,1.0,0,176807.4,176807.4,1.7681
52deb7aa-49c8-421c-872b-4e3beeee628a,8.02,14.4,1.0,0,115488.0,115488.0,1.1549
288e049b-45d4-4182-814d-024489f40309,4.13,2.94,1.0,0,12142.2,12142.2,0.1214
7bd0be38-e0fb-485f-983c-f52dd7e828d6,9.72,20.01,1.0,0,194497.2,194497.2,1.945
01a31a28-5081-43d6-9824-089924a76d40,3.4,19.91,1.0,0,67694.0,67694.0,0.6769
cfc30fed-2e86-4c07-be17-820ebab8e012,6.3,0.04,1.0,0,252.0,252.0,0.0025
b91071cf-6f6c-4362-9c31-14f0a64ddb1c,9.66,22.57,1.25,0,218026.2,272532.75,2.1803
865d0f14-fe7c-4bf9-bf70-db77b0b43b96,4.43,22.63,1.0,0,100250.9,100250.9,1.0025
4eca1070-aa26-42e5-9d6a-0c61135ffe7a,2.84,11.96,1.25,0,33966.4,42458.0,0.3397
b2444e38-5be5-4384-b96d-1e2755e41c98,6.25,10.33,1.0,0,64562.5,64562.5,0.6456
8a812574-e821-45c1-aca2-599a14902a94,5.58,19.05,1.0,0,106299.0,106299.0,1.063
ed391cbc-05cb-4818-9b9f-3b6daef217d2,9.73,2.86,1.0,0,27827.8,27827.8,0.2783
890debca-24f9-4157-a75b-d3af0496d7da,7.29,0.36,1.0,0,2624.4,2624.4,0.0262
d36bade0-e0f6-484e-8b00-8631cb9564df,3.22,3.12,2.0,0,10046.4,20092.8,0.1005
9e4275e7-0958-4cf2-89a4-6a0302fa9f51,1.36,8.64,1.0,0,11750.4,11750.4,0.1175
33dd2ec2-892d-45f7-821e-bc484ff23864,4.89,6.45,1.0,0,31540.5,31540.5,0.3154
47aa217f-c9d2-4966-a588-25aa431a5636,7.75,22.82,1.0,0,176855.0,176855.0,1.7686
74f4e46b-e853-431f-a0da-ff2b30339418,2.94,12.24,1.0,0,35985.6,35985.6,0.3599
463e30b6-61ec-48d7-8a27-3cce585cfa9d,8.09,4.95,1.0,0,40045.5,40045.5,0.4005
b0930bec-3ccd-412f-9363-c2f9b2be6b50,9.28,21.73,1.0,0,201654.4,201654.4,2.0165
f5845092-0835-46c4-b81d-08788da63528,2.41,20.0,1.0,0,48200.0,48200.0,0.482
de8016e2-dc95-4692-99e2-3dfebbebd6f7,5.13,3.89,1.0,0,19955.7,19955.7,0.1996
78d5078e-0a60-46ab-9a7e-298bcd7e0dcd,9.49,4.99,1.0,0,47355.1,47355.1,0.4736
a5a3996b-dbcd-46c9-bc65-1991d2a6ed70,5.96,6.28,1.0,0,37428.8,37428.8,0.3743
8332f496-a821-4e3d-a7fd-579cf8c92fcb,5.78,1.21,1.0,0,6993.8,6993.8,0.0699
e2dada09-4e78-4662-81d9-88fcb4ca8214,3.07,5.48,1.0,0,16823.6,16823.6,0.1682
c27908bd-b8d1-4ec6-b854-b4fdab5933cb,6.62,21.0,1.0,0,139020.0,139020.0,1.3902
5428faa1-1f72-4f6e-b0e9-b594fd2ea041,4.72,20.71,1.0,0,97751.2,97751.2,0.9775
ac1bc4a9-6f5c-41ea-819a-30f258724cdc,8.42,5.78,1.0,0,48667.6,48667.6,0.4867
d79201bb-e37c-4365-a367-41e976b9873d,6.44,14.99,1.1,0,96535.6,106189.16,0.9654
41c50fa3-c0f8-4646-85c0-18967caa5313,6.69,20.72,1.0,0,138616.8,138616.8,1.3862
c474e374-fc70-49e0-9fe5-2323fd1e8ff7,3.37,1.01,1.0,0,3403.7,3403.7,0.034
da9497da-e799-49ef-996a-f8bd1f6f0438,2.14,4.82,1.0,0,10314.8,10314.8,0.1031
d3a1cffd-c01a-4173-8275-f9334c3424c0,6.03,21.5,1.0,0,129645.0,129645.0,1.2965
11480e65-b130-40ed-95af-b43934c62cb9,2.09,16.97,1.0,0,35467.3,35467.3,0.3547
07ae3d1e-3539-4d03-8eda-5a6ec5855fe7,4.33,16.5,2.0,0,71445.0,142890.0,0.7145
4eced2c1-1eca-4d66-8309-ec2d4e64d6f7,4.87,8.08,1.0,0,39349.6,39349.6,0.3935
4b257ada-8fe9-4fd7-9c8e-fc3d3d18232d,8.95,2.7,1.1,0,24165.0,26581.5,0.2417
acca4101-80c9-4f92-a117-6f142e37cfa7,1.18,15.38,2.0,0,18148.4,36296.8,0.1815
015475b8-2885-4984-9df8-9326f2d293a3,2.69,5.28,1.25,0,14203.2,17754.0,0.142
cac02467-6be0-4a0d-b10d-25b9b8731817,5.4,9.11,1.0,0,49194.0,49194.0,0.4919
58977717-17e9-4e0f-890a-da82e178263b,8.1,22.1,1.0,0,179010.0,179010.0,1.7901
a5f3a835-1953-491e-b395-0a77c13302d5,9.03,11.59,1.0,0,104657.7,104657.7,1.0466
d9feb76d-8733-4fb6-a564-49358a5401e6,4.13,10.08,1.0,0,41630.4,41630.4,0.4163
b4e9ab8f-5513-4919-b2f2-7b82af425e09,4.44,12.09,1.0,0,53679.6,53679.6,0.5368
1a71cf10-f414-4230-850d-b233df3bab36,7.77,22.4,1.0,0,174048.0,174048.0,1.7405
ad659c3a-6d2e-4da0-8407-0f59718e4926,2.92,0.61,1.0,0,1781.2,1781.2,0.0178
c32ff909-2c59-4b6c-bdef-5cb50e9a17d5,3.09,1.24,1.0,0,3831.6,3831.6,0.0383
0f9c8bc6-1fee-4fae-aea0-c63a9ea2dc5c,2.97,1.98,1.0,0,5880.6,5880.6,0.0588
7aaefb5d-a17b-48d9-b741-23fbb794bb4c,2.45,8.01,1.5,0,19624.5,29436.75,0.1962
f7492e10-888e-4e07-8aeb-a557eca92834,9.62,16.01,1.0,0,154016.2,154016.2,1.5402
69f1abe6-f1b7-4c0f-8e3b-2699f23fb931,6.84,5.75,1.25,0,39330.0,49162.5,0.3933
0be36b12-e092-42cd-af8b-f78976abb512,5.2,1.62,1.1,0,8424.0,9266.4,0.0842
fd2cac1e-cf1b-4d54-be46-668a359f254c,4.76,6.21,1.5,0,29559.6,44339.4,0.2956
5abd95eb-cf6b-42d3-8b48-bf052ba5c2d8,4.72,4.36,1.0,0,20579.2,20579.2,0.2058
e09e84da-496c-4245-8751-fba4adb16a4e,2.15,18.81,1.0,0,40441.5,40441.5,0.4044
758a0fbc-99ae-4f34-a2ba-be44c1f3b3ef,3.95,22.03,1.0,0,87018.5,87018.5,0.8702
7a27b94b-a58c-4dc7-a80c-c3fafc0cada6,9.46,16.83,1.0,0,159211.8,159211.8,1.5921
d3396ab6-ef05-4f82-a4bd-b44f2819c82d,5.26,2.96,2.0,0,15569.6,31139.2,0.1557
d2e3b499-d661-46f5-8f3e-a401da36192d,9.5,21.08,1.0,0,200260.0,200260.0,2.0026
c70fcf3f-221f-4921-9628-2d4b4482b598,8.27,11.05,1.0,0,91383.5,91383.5,0.9138
60d2ea65-abe7-4542-8709-319860f27101,6.63,16.28,1.0,0,107936.4,107936.4,1.0794
5b994548-e869-45ab-8dbc-429e1896c503,6.71,20.47,1.25,0,137353.7,171692.12,1.3735
d5cbf2a7-0a09-4afb-a566-a6102c16700d,1.64,20.27,1.0,0,33242.8,33242.8,0.3324
74a33bd4-30b7-4713-981d-d1d0748dea49,9.88,0.94,2.0,0,9287.2,18574.4,0.0929
46185582-ccd3-4b9c-bf45-9b67a71e38af,9.3,17.92,1.0,0,166656.0,166656.0,1.6666
b462234f-5bc6-423a-8bd6-ed6cd96028f1,8.77,10.64,1.0,0,93312.8,93312.8,0.9331
7d86ff56-52e2-4f8c-9110-609b160a3e3e,6.3,1.48,1.0,0,9324.0,9324.0,0.0932
a85cdcf5-5480-4f1f-a319-d8717b6f7694,7.37,6.42,1.0,0,47315.4,47315.4,0.4732
c820e4f4-08a3-483a-93e8-be4a02b9e0f4,7.91,13.36,1.0,0,105677.6,105677.6,1.0568
2ab16ac1-1e00-4c40-b90f-73f5616efac1,3.48,22.83,1.25,0,79448.4,99310.5,0.7945
f992939a-ac15-4f0f-a09e-8130bcdea343,8.49,3.97,1.0,0,33705.3,33705.3,0.3371
f2c3df92-e527-40dd-a713-b39033594e19,3.51,10.03,1.0,0,35205.3,35205.3,0.3521
ccfdcc4b-6f40-436c-b8a6-10f847fccb97,5.94,12.22,1.0,0,72586.8,72586.8,0.7259
473e3a57-25db-46cc-948c-159eca0cdcc7,6.18,8.7,1.25,0,53766.0,67207.5,0.5377
103b5eaa-55d6-468e-9c63-1c8a9d2c61f9,4.2,11.97,1.0,0,50274.0,50274.0,0.5027
61da2739-b562-4037-ab77-507bd0621263,7.55,21.15,1.0,0,159682.5,159682.5,1.5968
a5e7ad29-8646-492c-a9f0-8b8a9cf91174,5.62,3.7,1.1,0,20794.0,22873.4,0.2079
5439146a-342a-4de3-b3a1-be8b785e2b86,5.39,18.92,1.0,0,101978.8,101978.8,1.0198
39dd080e-7ec1-46c8-9981-7e2cab153471,6.79,1.51,5.0,0,10252.9,51264.5,0.1025
0730c736-28b2-40e1-a4ce-16bbc8b872af,7.55,22.23,1.0,0,167836.5,167836.5,1.6784
9c7b4de9-ce85-4321-b1c3-7385bbed89af,9.13,10.26,1.0,0,93673.8,93673.8,0.9367
060ee14a-039c-4836-af9e-4584bfb9997e,8.97,22.99,1.0,0,206220.3,206220.3,2.0622
b6421527-0f29-49e9-8dae-3309bdadb82c,6.76,16.02,1.0,0,108295.2,108295.2,1.083
0090b903-8653-4b98-ae2a-ed5272902c24,6.4,14.07,1.1,0,90048.0,99052.8,0.9005
870238dd-a841-4818-b181-8c60802d5f55,7.19,3.38,1.0,0,24302.2,24302.2,0.243
875b526e-a75f-4803-9861-559906da3847,4.48,8.63,1.0,0,38662.4,38662.4,0.3866
5d975c95-cf90-4065-8e7f-fd887e1a8df3,1.02,22.6,1.0,0,23052.0,23052.0,0.2305
d3333b19-0beb-495f-94d0-ac2fe6d9ac88,4.15,6.75,1.0,0,28012.5,28012.5,0.2801
2b90133d-3123-4016-9202-e8dade590f98,8.82,4.33,1.0,0,38190.6,38190.6,0.3819
c405f6a0-934d-4267-b553-50ad9a84846c,9.73,3.76,1.0,0,36584.8,36584.8,0.3658
7e2df0e3-11a7-4616-ba06-2943debce336,6.49,13.89,1.0,0,90146.1,90146.1,0.9015
9a04a795-d726-42e2-8dd8-507146a4f72b,7.2,8.92,2.0,0,64224.0,128448.0,0.6422
88591643-c967-4873-ba69-aaefdf9e5846,3.79,20.5,2.0,0,77695.0,155390.0,0.777
c2f8cf92-6a60-425b-a8f9-597220184308,3.03,11.15,1.0,0,33784.5,33784.5,0.3378
3ab12fe4-7a72-4f24-bcd1-63922955e5ca,7.4,0.19,1.0,0,1406.0,1406.0,0.0141
a0bce400-3f81-4c1e-b7ea-2ffd4432c734,2.95,14.34,1.0,0,42303.0,42303.0,0.423
975e4721-e6fa-42d4-a637-a2ada6e63c14,2.87,22.88,1.0,0,65665.6,65665.6,0.6567
7ea4cf2c-b0e9-4950-8d52-eb13c26b8177,1.23,21.25,1.0,0,26137.5,26137.5,0.2614
d08deb5b-a3ed-4a42-8f46-45c0e2269153,7.71,17.54,1.0,0,135233.4,135233.4,1.3523
4a94f5d9-bf10-4302-a46c-0485b3364284,4.97,11.52,1.25,0,57254.4,71568.0,0.5725
6172ac40-de4e-4199-8c4b-4afbc74bb4e8,9.88,18.67,1.0,0,184459.6,184459.6,1.8446
64ac3d98-b02d-4aaa-9522-537f978effd2,3.57,16.0,2.0,0,57120.0,114240.0,0.5712
dcb94c23-4fe9-46b7-98cb-e0a7051aa278,6.75,5.41,1.0,0,36517.5,36517.5,0.3652
5c49d9b6-199e-439b-9250-b96039d3a389,1.82,22.62,5.0,0,41168.4,205842.0,0.4117
b9ce3f71-7eb8-4257-be11-3848c6761c11,5.31,19.68,1.0,0,104500.8,104500.8,1.045
f42aafcc-1eb6-4d79-91c9-76d9b9193415,9.42,2.53,1.0,0,23832.6,23832.6,0.2383
057f0439-15b0-4a82-ae59-092568161d3e,6.83,8.78,1.0,0,59967.4,59967.4,0.5997
a8442d74-a563-4b70-8ac7-dfbe205522a8,1.93,5.22,1.0,0,10074.6,10074.6,0.1007
9e4de0fa-b9bc-4459-a4b2-49ec9db7555b,8.45,10.25,1.0,0,86612.5,86612.5,0.8661
e9bbe564-0129-44ef-98d0-1d8fca50ab68,3.83,21.96,1.0,0,84106.8,84106.8,0.8411
9c786f63-e39f-4fb0-8100-152a599ca32d,3.04,13.49,1.0,0,41009.6,41009.6,0.4101
d8e3dc9e-9bf0-475e-8f2b-e1a5685d80fd,6.29,11.36,1.0,0,71454.4,71454.4,0.7145
33ef0a67-0540-4332-b4cb-e3a3fc2308c9,7.28,5.01,1.0,0,36472.8,36472.8,0.3647
3e730091-0449-4f1e-890f-303fc9b8611f,4.68,9.24,1.25,0,43243.2,54054.0,0.4324
0e02bd03-72b8-4b1d-81f5-5345bb759619,3.97,8.78,1.0,0,34856.6,34856.6,0.3486
2bbf60da-440f-44da-b8cd-0d7f590afccb,3.51,17.53,1.0,0,61530.3,61530.3,0.6153
78e7b831-018f-4f3b-8440-d1a2dee1e4ae,3.89,20.37,1.25,0,79239.3,99049.12,0.7924
e6b5e7c2-5e9b-4538-8c3e-f74e7fc9da61,9.7,17.12,1.0,0,166064.0,166064.0,1.6606
0f2d087d-e31b-4115-b684-d69afd3def22,4.76,2.0,1.25,0,9520.0,11900.0,0.0952
cce315de-da1f-421b-b6b1-f0f3110ec7a6,7.89,13.13,1.0,0,103595.7,103595.7,1.036
b3434a20-0c0f-49a5-903a-1da72c99ab70,1.0,6.83,1.0,0,6830.0,6830.0,0.0683
0d0b9912-e738-4124-b256-868cad099482,8.64,10.71,1.0,0,92534.4,92534.4,0.9253
64e2a33d-d5e6-4f68-8c2f-a0cadcae5ad5,8.77,11.94,1.25,0,104713.8,130892.25,1.0471
cc285b4b-ce6a-489b-884d-916a5ea0a674,1.45,3.72,1.0,0,5394.0,5394.0,0.0539
ed498610-e3da-4e78-93f6-fe5b0436b1ac,6.14,4.06,1.0,0,24928.4,24928.4,0.2493
2ccc34ab-862c-4a06-9b6e-b8e4fcb69954,7.54,17.32,1.0,0,130592.8,130592.8,1.3059
685cd4dd-19fd-4fdc-a44f-bb260ab75e9d,3.8,9.17,1.0,0,34846.0,34846.0,0.3485
a37c48bb-9945-4205-acec-2bf2db4f5f66,1.22,20.13,1.0,0,24558.6,24558.6,0.2456
58cd804a-1ded-4c7b-8ab6-646136830b82,4.41,15.06,1.0,0,66414.6,66414.6,0.6641
8e9d60a9-7107-4645-98b4-bb98aa481b5e,1.35,16.36,1.0,0,22086.0,22086.0,0.2209
c976158a-178a-4a70-a42b-2db7fa239fbb,6.83,19.47,1.0,0,132980.1,132980.1,1.3298
9dffbad4-eb1a-455b-accf-dd9e9470ea6d,8.07,3.75,1.0,0,30262.5,30262.5,0.3026
3eeb7faa-c2b6-4afb-8009-807962030f8c,2.83,5.77,1.0,0,16329.1,16329.1,0.1633
a50fde58-2df3-4cee-a9e7-60af9c19a0c7,9.5,1.18,1.0,0,11210.0,11210.0,0.1121
2a24442f-b24d-4992-adc1-a57765467e68,4.58,4.0,1.0,0,18320.0,18320.0,0.1832
8b034396-de0e-4746-8953-d0ef5638168b,2.46,9.77,1.0,0,24034.2,24034.2,0.2403
431401e8-d09e-4786-9dd9-4e9a102894b8,7.51,9.26,1.0,0,69542.6,69542.6,0.6954
c989ce52-63e4-454d-ad98-316becefc61e,1.36,17.44,1.0,0,23718.4,23718.4,0.2372
a7a7bc85-7095-41c3-929c-9df8812cb565,2.96,22.51,1.0,0,66629.6,66629.6,0.6663
349bc8ff-854e-41ce-8531-964e87959ad1,9.71,12.53,1.0,0,121666.3,121666.3,1.2167
ced135e7-3e3e-46a0-8302-5b6410b2e971,4.0,14.63,1.5,0,58520.0,87780.0,0.5852
4fa3bf27-c5ed-42ab-9164-a5ac08e2bd22,1.15,19.33,1.0,0,22229.5,22229.5,0.2223
caac7867-6a1a-43b4-9a13-35ea75424a34,2.31,20.63,1.0,0,47655.3,47655.3,0.4766
68e2bc73-08c7-4d0f-a515-db058cfee452,1.89,10.02,1.0,0,18937.8,18937.8,0.1894
043be8ed-5d19-43d1-9192-78ed78c4d531,9.6,8.36,1.0,0,80256.0,80256.0,0.8026
993ccbce-df4a-454a-8c7a-67a0c3f0e4a9,8.85,14.12,1.0,0,124962.0,124962.0,1.2496
e27d0a64-e84f-44ea-9f77-265c32ad7ef5,5.21,3.55,1.0,0,18495.5,18495.5,0.185
1a3aff4e-20c1-4a9d-a989-d3873251402c,5.26,20.71,1.0,0,108934.6,108934.6,1.0893
2c3cec05-c41b-4080-86bc-8f84832c56bb,4.61,3.82,1.5,0,17610.2,26415.3,0.1761
e8df9464-9c13-45ed-8add-ecf6e6422d77,6.78,19.97,1.0,0,135396.6,135396.6,1.354
dc0d494c-9784-4907-9469-33e0de4ef192,3.32,20.83,1.0,0,69155.6,69155.6,0.6916
e4fbaa1e-1c8f-4ba4-a723-489fef685891,5.76,1.57,1.0,0,9043.2,9043.2,0.0904
0b627ca4-7a7c-4169-995f-1cf86a16a0ab,2.02,19.53,1.0,0,39450.6,39450.6,0.3945
f423e31f-1212-4a25-9fc3-ee2ffcde1bd1,6.5,6.78,1.0,0,44070.0,44070.0,0.4407
34cee479-2aca-48ed-9b1c-3206ec47754e,4.78,0.77,1.0,0,3680.6,3680.6,0.0368
b98f8a8a-1aa8-4e99-813d-5ea8cfa052e5,4.54,13.3,1.0,0,60382.0,60382.0,0.6038
8d2d45c6-73c4-4363-a3f1-520b1880ab65,8.9,7.91,1.0,0,70399.0,70399.0,0.704
da12d547-50fd-485a-a8e9-2376fef4dbe8,3.65,7.65,1.5,0,27922.5,41883.75,0.2792
988eab8d-fb0a-4173-af4a-88d3562152d9,2.19,12.77,1.0,0,27966.3,27966.3,0.2797
2b3dc671-2037-49eb-8085-e729dab685fb,9.56,7.29,1.25,0,69692.4,87115.5,0.6969
34ab7319-25b3-4f37-a3d6-6aea97b617e4,7.92,7.87,1.0,0,62330.4,62330.4,0.6233
446eee56-9214-4281-8676-f2ca9c79cfdc,7.91,9.76,1.0,0,77201.6,77201.6,0.772
9955a860-8750-4249-acc9-4aca7e1ae997,6.49,10.46,1.0,0,67885.4,67885.4,0.6789
5e3b7ed3-1b8e-4c0a-b154-4d97541f6275,9.23,21.55,1.1,0,198906.5,218797.15,1.9891
4e058ea1-eaf7-4923-a267-e09a7ea3c270,2.06,4.99,1.0,0,10279.4,10279.4,0.1028
a7a06979-f093-46b4-82a7-dbcb86700a29,1.66,7.1,1.0,0,11786.0,11786.0,0.1179
d65c7997-fe71-4c3d-b6bb-30c59027bccb,3.62,18.36,1.25,0,66463.2,83079.0,0.6646
073edf90-8784-4c2d-b8af-b7af73ac2c60,3.17,12.52,2.0,0,39688.4,79376.8,0.3969
669d68ff-c8c7-4251-b231-a7ad133c81a1,2.52,9.33,1.0,0,23511.6,23511.6,0.2351
d1b6ca53-0239-4d22-9497-ea081fb2d009,5.39,10.25,2.0,0,55247.5,110495.0,0.5525
e893c1bc-d3d2-41f0-830e-3b39f2ca47e0,6.1,19.84,1.0,0,121024.0,121024.0,1.2102
d03b03b9-7ab9-4532-8607-214e81f8986b,5.54,8.85,1.1,0,49029.0,53931.9,0.4903
4abf5e8e-83c0-421d-a374-5121d6614d9f,6.47,14.65,1.0,0,94785.5,94785.5,0.9479
152702a2-d463-4ff6-a9d4-336a74cbda68,6.81,11.41,1.0,0,77702.1,77702.1,0.777
810f08d2-e255-4b83-a060-2ddcc6b09570,8.03,7.59,1.5,0,60947.7,91421.55,0.6095
aa6eb730-388c-4a13-834d-2518749cf1bd,7.45,5.41,1.0,0,40304.5,40304.5,0.403
c00fc17a-f814-4614-ae89-f6703116d555,6.17,21.72,1.25,0,134012.4,167515.5,1.3401
2fa7acf1-cfcc-48b5-9e7d-789f07e8a28e,4.86,2.86,1.0,0,13899.6,13899.6,0.139
689e9819-f5a1-433f-9113-6ba1b5177790,4.13,13.06,1.0,0,53937.8,53937.8,0.5394
f106b315-b0ba-47b0-8a18-2eb6a5e7e640,5.65,11.73,1.0,0,66274.5,66274.5,0.6627
41f4c95d-3ae5-4757-837f-aa0c4d51b65f,4.87,20.46,1.0,0,99640.2,99640.2,0.9964
77f45274-b2a6-450d-a781-f50d77efbd65,3.42,7.24,1.0,0,24760.8,24760.8,0.2476
9df3e267-61be-41d8-8b5a-cfac55667f77,6.6,4.75,1.25,0,31350.0,39187.5,0.3135
30f2df1e-80c6-43df-88b8-9c996a9a7033,5.12,9.54,1.0,0,48844.8,48844.8,0.4884
3d9f46e6-2df4-4af0-a181-02fe53dbc86b,9.1,22.9,1.0,0,208390.0,208390.0,2.0839
2991ccd4-d11e-429f-83da-8e54f327d34b,7.07,21.66,1.5,0,153136.2,229704.3,1.5314
612569e1-f5d8-47f1-8011-0019496e3979,3.62,15.63,1.0,0,56580.6,56580.6,0.5658
a43a18a6-b33d-47bd-b223-3bb1a2278bc6,8.51,9.96,1.0,0,84759.6,84759.6,0.8476
3764e106-30d6-4aa1-a68f-f7b93cb59db9,2.41,11.96,1.0,0,28823.6,28823.6,0.2882
bf69d647-0886-42dd-92a0-87858e46c773,4.51,22.63,1.0,0,102061.3,102061.3,1.0206
d3b2eab6-f668-4c98-bb7e-6834c51edc00,7.18,21.81,1.0,0,156595.8,156595.8,1.566
3a198065-53a7-42ef-9500-be3b9651a7d0,7.63,8.61,1.0,0,65694.3,65694.3,0.6569
a13ceda4-96dc-405b-93da-ab8ad619783f,9.44,10.54,1.0,0,99497.6,99497.6,0.995
f57c58dd-caba-4a22-83c9-df8346f3f180,7.13,3.39,1.0,0,24170.7,24170.7,0.2417
dcff25e5-06d1-4364-89cb-8755fc04f8c0,4.55,3.06,1.5,0,13923.0,20884.5,0.1392
dd075c0a-60ea-4a75-8762-3d976bea8d5f,3.32,3.87,1.1,0,12848.4,14133.24,0.1285
8486ad92-8316-4622-8e3c-39e78d9e20d1,7.78,18.43,1.0,0,143385.4,143385.4,1.4339
7d2ebc09-8eea-41e1-abcb-88bf30f5d899,1.12,17.88,1.0,0,20025.6,20025.6,0.2003
770a5db7-226f-4992-8edf-7b4f057ec639,2.31,7.19,1.0,0,16608.9,16608.9,0.1661
33ecfdf8-2e9a-48f4-8749-b51b1856d661,7.08,19.88,1.0,0,140750.4,140750.4,1.4075
0232053d-d153-44b8-87d3-6f1e25a316c6,4.57,14.97,1.0,0,68412.9,68412.9,0.6841
6af9407d-de58-4f1b-a17e-e137565097a6,3.58,0.98,1.0,0,3508.4,3508.4,0.0351
e9de4013-7a6c-4755-ba72-d99af1a32fac,4.08,15.41,1.0,0,62872.8,62872.8,0.6287
115031c4-abb3-428a-8ae9-55892a5bc596,2.07,16.47,2.0,0,34092.9,68185.8,0.3409
29980665-b86b-4876-80be-9e30f228c39a,5.21,19.16,1.0,0,99823.6,99823.6,0.9982
e85ecf5a-15f0-471b-acc1-48e6a42311a2,9.57,19.54,1.0,0,186997.8,186997.8,1.87
1db8b9da-a93e-4217-ad41-7eaed2218858,8.95,9.13,1.0,0,81713.5,81713.5,0.8171
fe46e71e-e9a1-4899-8faf-e732bd5f5545,7.47,11.67,1.0,0,87174.9,87174.9,0.8717
8dcfd541-f750-46bc-bf6e-59e87139aff7,3.76,8.89,1.0,0,33426.4,33426.4,0.3343
5a2cf74c-6902-4f6e-aebc-d08f3552ef97,9.49,3.31,1.0,0,31411.9,31411.9,0.3141
68c98d0a-329f-4066-a3d3-57b70a1ffe10,1.43,9.64,2.0,0,13785.2,27570.4,0.1379
4bb72d3c-e81b-463e-92c0-c0d8153416f5,5.54,12.64,2.0,0,70025.6,140051.2,0.7003
2576cca3-4db1-4e03-9605-a0cd9c87904f,3.74,9.88,1.5,0,36951.2,55426.8,0.3695
3cd348f7-14dd-4694-8846-10c2b9c7a08b,9.86,7.22,2.0,0,71189.2,142378.4,0.7119
09ff3c6d-77bc-416f-a4f7-96c1e593f31d,3.3,6.59,1.1,0,21747.0,23921.7,0.2175
ac2de530-5fed-437c-9840-962b55c51512,1.43,0.69,1.25,0,986.7,1233.38,0.0099
c5f6603b-2f69-4216-b913-690726ef2be4,8.11,10.33,1.0,0,83776.3,83776.3,0.8378
1f2e0e08-583a-428a-86b4-3731bee6fb17,5.87,4.77,1.0,0,27999.9,27999.9,0.28
dac5e186-f59f-41f6-b7f5-a91d0f3e74f1,4.43,15.82,1.0,0,70082.6,70082.6,0.7008
aa8faeba-8973-4083-92ce-6040c78020ee,9.62,9.03,1.0,0,86868.6,86868.6,0.8687
b1f89594-c0e5-4d7e-81bb-59f8dfe48486,9.14,7.99,1.0,0,73028.6,73028.6,0.7303
23ca84ed-cc1e-497e-b2e0-1f49fa0077a1,5.5,13.26,1.0,0,72930.0,72930.0,0.7293
d23c66f3-e4ca-469e-8a19-da47452d2b57,8.08,1.45,1.0,0,11716.0,11716.0,0.1172
41492cd6-d918-40c9-a168-8b5a9cb2e0df,9.39,18.76,1.0,0,176156.4,176156.4,1.7616
30cc5f53-d825-4efe-a872-08395d82d5f1,3.06,10.69,1.0,0,32711.4,32711.4,0.3271
b21725c9-d130-4b4e-935a-6c65dcab90b4,4.01,3.32,1.0,0,13313.2,13313.2,0.1331
43a53cf9-99dd-48e8-a507-6c82668c638d,2.87,13.8,2.0,0,39606.0,79212.0,0.3961
fd6f23d0-b061-47f9-9f0c-2169f18d5d00,4.56,17.71,1.0,0,80757.6,80757.6,0.8076
10e2d794-b74e-495e-8383-7b31710adf86,9.13,13.05,1.0,0,119146.5,119146.5,1.1915
9ca7931f-17ef-4ba5-94b9-31a4c67d5969,8.41,7.13,1.0,0,59963.3,59963.3,0.5996
0844d059-ae93-43da-b4d2-f3c45c12cee8,8.81,20.63,1.0,0,181750.3,181750.3,1.8175
d2165acc-1641-4c7a-ae8c-e6624571548a,1.98,14.97,1.0,0,29640.6,29640.6,0.2964
742ea290-a475-4115-980e-fe6490cf236f,1.09,8.46,1.0,0,9221.4,9221.4,0.0922
68309497-67a4-4f40-afe8-8a4bc3bca19e,7.42,13.37,2.0,0,99205.4,198410.8,0.9921
6274be98-63a1-4dd7-b67a-095dffa988f3,6.47,8.33,1.0,0,53895.1,53895.1,0.539
d3633376-08cd-4abe-9267-e88e9e603a68,7.12,7.25,1.0,0,51620.0,51620.0,0.5162
f7668641-279e-43cb-8a71-3f0f6ba84668,4.24,5.97,1.0,0,25312.8,25312.8,0.2531
bb174e1a-51c7-4085-ae77-aa96028ad183,8.3,16.06,1.0,0,133298.0,133298.0,1.333
634612f6-b4c4-4b95-a9df-7f83156d9632,8.21,12.61,1.0,0,103528.1,103528.1,1.0353
15dc3d32-3de3-4d8f-a7f1-77b7686af8dd,1.56,4.31,1.0,0,6723.6,6723.6,0.0672
366e77c9-80d8-4f64-b862-680ac81f443e,1.43,22.73,1.25,0,32503.9,40629.88,0.325
ccebf378-70d2-4fe3-bbe0-9853a3391e54,6.83,0.81,2.0,0,5532.3,11064.6,0.0553
914f6f87-32e7-42e3-9331-473e493633c8,1.58,21.19,1.0,0,33480.2,33480.2,0.3348
84ae969e-d5f4-4b64-94e1-90fe90eb8caf,4.56,7.77,1.5,0,35431.2,53146.8,0.3543
7b0cea89-4541-4461-b377-8110bfaae46a,6.97,12.63,1.0,0,88031.1,88031.1,0.8803
6434f7e3-40a3-4ac9-9d2f-5e32cadc71de,4.41,20.96,1.0,0,92433.6,92433.6,0.9243
a1864c19-e472-4967-a34c-e6ff0ac06ead,8.74,23.0,1.0,0,201020.0,201020.0,2.0102
2ded8457-a5fd-4b0e-8b8a-4afc50da20e0,1.48,5.55,1.0,0,8214.0,8214.0,0.0821
838122af-18a2-489e-91c3-761426e3f5df,6.79,11.14,1.25,0,75640.6,94550.75,0.7564
fac83efa-0449-4d93-9631-4709411060cf,7.02,13.06,1.0,0,91681.2,91681.2,0.9168
c6a7cc39-16e1-4210-a814-e6639ab8e9a2,1.35,11.69,1.0,0,15781.5,15781.5,0.1578
2d71182f-5cfe-41dc-8c2a-ae9f588a411f,8.44,20.43,1.0,0,172429.2,172429.2,1.7243
51cf2cd7-bdc4-4598-9655-5e5f0a6cf78e,2.77,5.01,1.0,0,13877.7,13877.7,0.1388
3cd0007f-73ff-492a-96c8-391b095f79c9,4.96,16.52,1.0,0,81939.2,81939.2,0.8194
b409294a-e095-4f34-957f-46e0b92c2ed6,7.82,5.13,1.0,0,40116.6,40116.6,0.4012
fed4da9d-2070-42c9-8e6b-77768cc0d37f,1.11,17.18,1.0,0,19069.8,19069.8,0.1907
defca17e-d2f5-472d-9ed5-2c46c1155904,9.68,10.09,1.0,0,97671.2,97671.2,0.9767
23eba721-ad65-483c-b363-dd382f07dba9,8.22,7.35,1.25,0,60417.0,75521.25,0.6042
078d47cf-3475-43f2-898d-25e743b44b7d,4.38,9.36,1.0,0,40996.8,40996.8,0.41
9a09720c-a561-4487-a8c1-cd10a772d866,7.96,5.44,1.0,0,43302.4,43302.4,0.433
528a98ed-3c2d-48c0-a634-bfaaa4b6584e,4.9,17.93,1.0,0,87857.0,87857.0,0.8786
0d783f58-873f-4640-acbd-4555cdb13f9b,9.78,3.44,1.0,0,33643.2,33643.2,0.3364
ff1b9e68-62cb-4f6b-82f7-6599c75ba0d1,1.1,13.58,1.1,0,14938.0,16431.8,0.1494
7d666e0e-378e-429e-b09d-3f855625b29e,9.71,14.32,1.0,0,139047.2,139047.2,1.3905
65616fc2-a7e3-4f1b-b190-f918702fcb35,7.41,18.4,1.5,0,136344.0,204516.0,1.3634
a876799a-7ac3-4f61-804b-07c3bc46a21b,6.45,0.79,1.0,0,5095.5,5095.5,0.051
c33c54df-f879-4bd1-92a7-d414435a1673,8.65,16.46,1.0,0,142379.0,142379.0,1.4238
a0c0c0fd-9031-45d9-8d30-91cac8a9cc39,8.89,12.67,1.0,0,112636.3,112636.3,1.1264
e1ba77bc-668b-4c7b-8df0-0f32fa6d25f8,1.29,10.89,1.0,0,14048.1,14048.1,0.1405
9fb062f6-1d31-4ad0-9e6d-c992c216f56f,8.89,4.45,1.1,0,39560.5,43516.55,0.3956
454ad18f-600f-4d26-ba6d-5ac748f2174a,9.9,11.59,1.0,0,114741.0,114741.0,1.1474
c44fd7bc-8677-4c44-8f8e-0815148636eb,6.88,0.92,1.0,0,6329.6,6329.6,0.0633
193c3bd7-1144-46ab-8df4-ff7b9a060620,2.45,5.71,1.0,0,13989.5,13989.5,0.1399
ba92e813-887e-47ba-8b21-59ea6698e082,3.35,14.89,1.0,0,49881.5,49881.5,0.4988
80d70033-6f29-47d2-9b39-6313d449a31c,4.97,1.76,1.0,0,8747.2,8747.2,0.0875
326a327b-fe09-46d5-bd77-dceb3bcf3c9b,7.82,3.7,1.0,0,28934.0,28934.0,0.2893
17ef20ad-2fe5-4903-86e6-3b853b4e64ee,7.27,8.08,1.0,0,58741.6,58741.6,0.5874
022961ef-c367-4810-8591-efe546240196,1.28,5.27,1.0,0,6745.6,6745.6,0.0675
b1c13333-bdac-4e1e-b68f-3bcda4290899,1.98,15.33,1.0,0,30353.4,30353.4,0.3035
2d0fae82-83a4-442c-948f-fda2655c36f2,1.81,1.39,1.0,0,2515.9,2515.9,0.0252
c90af5fb-4f8b-41a2-b9c7-12c8fa8016b8,2.09,2.99,1.25,0,6249.1,7811.38,0.0625
03cb03f6-2d9b-4259-a69f-1828ccb59089,5.23,22.33,1.0,0,116785.9,116785.9,1.1679
954f886a-083d-45e1-9b58-dc70d2589046,10.0,4.65,1.0,0,46500.0,46500.0,0.465
bc2660ba-a2f0-43d4-822f-3d3eca5b7c6b,4.64,0.87,1.0,0,4036.8,4036.8,0.0404
54097973-09ba-4466-b5ed-299bb0906b66,5.89,3.83,1.0,0,22558.7,22558.7,0.2256
b7b22b15-d95f-4878-961b-731466e72c12,8.74,21.04,1.0,0,183889.6,183889.6,1.8389
dd414ceb-3577-4b92-89a0-859edeae4861,7.17,13.71,1.1,0,98300.7,108130.77,0.983
567f6da3-3595-40b9-955c-a8f4c54f1152,1.46,5.56,1.0,0,8117.6,8117.6,0.0812
0083464f-da1f-4576-aea5-e45ba1941574,10.0,20.44,1.0,0,204400.0,204400.0,2.044
5221bd54-525c-47ff-851e-9bb7bc2e2084,8.25,4.91,1.0,0,40507.5,40507.5,0.4051
c62123d6-9d71-47db-b5cb-eaa350efba82,4.94,14.84,1.0,0,73309.6,73309.6,0.7331
5fc2e513-d268-4614-af20-23a14b848edf,6.47,7.46,1.0,0,48266.2,48266.2,0.4827
a3ba55ad-8bd8-4b21-b2ab-6ce862979904,6.97,11.83,1.0,0,82455.1,82455.1,0.8246
5ae83048-dd8d-41be-ba2a-ebef5df5239e,2.25,11.03,1.0,0,24817.5,24817.5,0.2482
d14da552-8d7c-48ae-9f59-66cd6c4ef437,2.7,16.05,2.0,0,43335.0,86670.0,0.4334
8934a150-075d-4f69-b304-cd65399b66bd,6.15,13.71,1.0,0,84316.5,84316.5,0.8432
f42343bc-8ce9-4f40-9b55-bac8c99914dd,9.97,12.62,1.5,0,125821.4,188732.1,1.2582
ea83d7b1-5dd1-4c13-bdb1-553ea019e961,8.49,16.15,1.0,0,137113.5,137113.5,1.3711
17243aed-6ab5-431c-ba66-851d1715bd5c,5.79,21.43,1.0,0,124079.7,124079.7,1.2408
4d2afecc-e8e5-47a5-b7a0-53a0c99c23f9,5.27,16.42,1.0,0,86533.4,86533.4,0.8653
dd3df142-052a-4efe-b2ab-328b644cfc07,7.49,17.37,1.0,0,130101.3,130101.3,1.301
760e89ea-f781-4455-99d5-1fa1e399b710,8.55,12.78,1.0,0,109269.0,109269.0,1.0927
aacf14fa-5452-420c-96d0-2108b7dfa4be,6.52,22.69,1.0,0,147938.8,147938.8,1.4794
56b9473f-00e3-4d63-a256-85b7b0faf27c,1.08,15.34,1.0,0,16567.2,16567.2,0.1657
bde93f40-a396-4806-a4f1-51057bc753f2,3.65,4.74,1.0,0,17301.0,17301.0,0.173
5167fc06-7e58-4198-9694-d468ea24674a,3.96,10.51,1.0,0,41619.6,41619.6,0.4162
aab13b50-cd3e-4c03-88b1-d5319d3ac930,9.74,14.3,1.5,0,139282.0,208923.0,1.3928
9362c4b0-f1b5-4e04-8cda-a32a8c2b9026,5.39,6.83,1.0,0,36813.7,36813.7,0.3681
a363d949-89cb-42c0-af43-4b93ce075fba,4.71,17.02,1.0,0,80164.2,80164.2,0.8016
a7222cc3-c57f-4bd0-89e0-0e1edeec9878,1.15,6.29,1.1,0,7233.5,7956.85,0.0723
ce13d39f-0570-4f63-9b8d-10f7ec3a384a,8.65,9.17,1.0,0,79320.5,79320.5,0.7932
0cce4cc9-715d-4ec6-ac7a-335c56cc5e36,4.3,6.94,5.0,0,29842.0,149210.0,0.2984
237162d7-837a-4284-86ca-18f4d7b2de89,9.65,0.34,1.0,0,3281.0,3281.0,0.0328
2de6c457-197f-4d93-835c-50ef579076bf,7.62,7.26,1.0,0,55321.2,55321.2,0.5532
4dc1b18d-ec19-435e-9fb0-f3c1aab1db19,6.94,13.88,1.0,0,96327.2,96327.2,0.9633
2957cdd4-e5d8-4f13-a60c-62c087d1de91,5.53,12.48,1.0,0,69014.4,69014.4,0.6901
1ba4fa52-2efb-4846-8ddd-5c5e8179e381,2.95,10.41,1.0,0,30709.5,30709.5,0.3071
ea98f8a9-3f8e-4a45-b2ff-8f71e493fdbf,8.37,12.05,1.0,0,100858.5,100858.5,1.0086
73247318-df0d-4f5d-ade7-1489648c4fee,9.34,2.97,1.0,0,27739.8,27739.8,0.2774
e1438af7-4983-489e-b500-89a6dbaef66e,7.04,2.32,1.0,0,16332.8,16332.8,0.1633
af74f1ce-2507-4170-b1ad-27fcd5b7b513,7.69,2.18,1.0,0,16764.2,16764.2,0.1676
9b1a43c2-4ac6-4ef0-9801-abbfc0e523ad,7.83,13.85,1.0,0,108445.5,108445.5,1.0845
728cdb9d-2b0b-4b9a-9ffb-1b63de70eb11,6.28,14.1,1.0,0,88548.0,88548.0,0.8855
6199ba75-81c6-42e0-8c3a-69bacc7914f6,6.53,22.46,1.1,0,146663.8,161330.18,1.4666
f34a1efb-e8ac-4fa4-9cff-09b7b4ed6fb0,5.54,7.78,1.0,0,43101.2,43101.2,0.431
b0c5ddc4-a4fa-4a39-b290-c2623e6b796e,5.73,9.26,1.0,0,53059.8,53059.8,0.5306
bcb822dc-e712-4bb4-b243-0d966a6817da,8.37,21.63,1.1,0,181043.1,199147.41,1.8104
dc990472-153e-408f-92c6-49eb5b4bb3ee,8.15,19.42,1.1,0,158273.0,174100.3,1.5827
92f0d8a3-6280-4bd4-acb2-dff0321b120c,1.14,10.64,1.0,0,12129.6,12129.6,0.1213
b671466a-beb8-4461-bdc4-67e17ed104fb,5.79,1.1,1.0,0,6369.0,6369.0,0.0637
660b8578-4ede-40d4-b06d-24c809968a97,5.04,13.69,1.0,0,68997.6,68997.6,0.69
5babd792-d20b-49a6-911d-0ffbd3e77d35,9.99,18.73,1.0,0,187112.7,187112.7,1.8711
b4e4c619-4a9b-462f-bae4-65c310e8cdcc,5.15,18.11,1.0,0,93266.5,93266.5,0.9327
25f1ec7e-cce0-46d1-827b-21069eb15c91,8.35,20.52,1.0,0,171342.0,171342.0,1.7134
a5e383df-1b15-4f4a-9a2c-00f55ee3c2c9,5.8,4.16,1.0,0,24128.0,24128.0,0.2413
daa40241-4fc4-423b-b65e-125cf37d6efe,5.2,22.29,1.0,0,115908.0,115908.0,1.1591
992f9813-1688-4a47-8671-fcbcf4e596ac,5.58,22.3,1.0,0,124434.0,124434.0,1.2443
da429c8b-fe15-4e4d-943d-9fe43c0461ad,7.57,21.84,1.25,0,165328.8,206661.0,1.6533
6dfb094b-4971-43f3-8c7a-487a4b1342b9,2.18,3.54,1.5,0,7717.2,11575.8,0.0772
4336ee62-e5c2-4865-bdc8-df6a62f27afc,4.32,20.27,1.25,0,87566.4,109458.0,0.8757
5a59de32-643b-4cb0-a253-381f8568811a,7.33,16.89,1.0,0,123803.7,123803.7,1.238
51aeea53-2655-4576-a718-a65a66779879,3.16,8.56,1.0,0,27049.6,27049.6,0.2705
e4d1d410-cbea-4ffe-8ac4-fbe12a32e4b5,1.9,16.12,1.0,0,30628.0,30628.0,0.3063
365ec501-f9b6-486d-9e5d-f77c67c39314,8.35,7.87,1.0,0,65714.5,65714.5,0.6571
7ab499f9-94c3-4e0f-8def-7e5f6124d34a,4.01,12.81,1.0,0,51368.1,51368.1,0.5137
cb124180-2b89-499a-aa53-6da41db97a17,3.16,0.51,1.0,0,1611.6,1611.6,0.0161
4f707d26-7d62-4b81-9a61-fb33a06ca99c,9.55,1.41,1.0,0,13465.5,13465.5,0.1347
41280582-66ea-46ce-bf4f-a3aee1756ea5,3.32,2.72,1.0,0,9030.4,9030.4,0.0903
9ec31b62-7ca8-4155-b4c6-4155715cd53d,3.43,2.04,1.0,0,6997.2,6997.2,0.07
9f27a4b5-4b86-45da-ad47-35730f5e403f,7.38,21.86,1.5,0,161326.8,241990.2,1.6133
39e19ba3-60ed-4a73-ac57-d094f8ab76b5,9.26,18.77,1.25,0,173810.2,217262.75,1.7381
8f6c4d7d-0cc9-4d2a-a97d-2382368e8f7e,3.16,17.08,2.0,0,53972.8,107945.6,0.5397
f0d2eea8-f879-4e62-a495-369e249acc68,6.83,4.27,1.0,0,29164.1,29164.1,0.2916
11ef68cf-a3cc-48bc-9361-b2d3fd8b50ef,2.93,22.87,5.0,0,67009.1,335045.5,0.6701
e0545f5a-0fa0-4fc8-9d4e-bde9e338442d,1.42,16.19,1.0,0,22989.8,22989.8,0.2299
7be151fe-e81c-4adb-80c1-de78a8a921af,4.99,3.19,1.25,0,15918.1,19897.62,0.1592
585839b5-9b05-4a93-bf4e-b2105aaa0508,4.03,4.7,1.0,0,18941.0,18941.0,0.1894
29919c40-09cc-4e45-96c7-c165385d3b8d,6.79,1.53,1.0,0,10388.7,10388.7,0.1039
96a5497c-7bfc-4eaa-8025-b10ad94981a7,6.16,6.6,1.0,0,40656.0,40656.0,0.4066
ee3b2578-d827-4762-ad89-6144a7934fcf,3.97,11.36,5.0,0,45099.2,225496.0,0.451
547c5368-698a-457a-81ab-4327fd3b1fcf,7.31,3.25,1.0,0,23757.5,23757.5,0.2376
e06c0f08-bd6a-49a1-8fbd-5f79b1dd98b1,6.17,17.77,1.0,0,109640.9,109640.9,1.0964
9f72bbf6-6ece-4bfe-b3e3-3cc62d62ff63,8.28,14.33,1.0,0,118652.4,118652.4,1.1865
6f4702c4-06cf-4ed5-9957-2b1016b97de5,4.66,18.55,1.5,0,86443.0,129664.5,0.8644
5593037d-0e5c-4604-8d01-f7cddce4c094,8.08,3.33,2.0,0,26906.4,53812.8,0.2691
2a1eb7fc-e892-44ff-a114-a2ce666be003,4.99,7.79,1.1,0,38872.1,42759.31,0.3887
dd05ff69-c60e-4988-a8f1-4c223c0bf214,3.65,5.84,1.0,0,21316.0,21316.0,0.2132
77b2ae94-2e4c-46a1-af51-b8086f65e808,2.44,17.9,1.1,0,43676.0,48043.6,0.4368
1a1b5e43-c261-4200-b94e-9263e61da82a,8.4,18.8,1.0,0,157920.0,157920.0,1.5792
ae012d3c-e586-478d-b2b9-ede09fac4cd6,2.82,18.23,1.0,0,51408.6,51408.6,0.5141
8275757d-feda-4189-93d6-7ae2320a7122,7.62,12.89,2.0,0,98221.8,196443.6,0.9822
aad56fa8-1336-48d2-abec-99181355c0f4,6.08,19.86,1.0,0,120748.8,120748.8,1.2075
4839911e-b82d-4f47-b234-70a5aa9ea557,7.33,8.05,1.0,0,59006.5,59006.5,0.5901
19e095be-9d75-45d5-8a90-471a3c5f605f,7.15,21.09,1.1,0,150793.5,165872.85,1.5079
20b6057e-a619-4ae7-8955-184fa790a21a,2.08,17.14,1.0,0,35651.2,35651.2,0.3565
d7b3b063-d643-4eed-90f4-bc3b19cf0029,9.14,15.47,1.0,0,141395.8,141395.8,1.414
c4ed9e8c-9d52-4a05-a6eb-d9d87f63d193,4.69,5.39,1.0,0,25279.1,25279.1,0.2528
62f43e3a-3c32-447a-a69d-971ea978a679,1.48,20.97,1.0,0,31035.6,31035.6,0.3104
94157175-4c24-4b47-95c7-99ef465cfd98,2.62,20.51,1.0,0,53736.2,53736.2,0.5374
ae3c1ade-1a93-4217-8d86-30782834323d,7.37,6.97,1.0,0,51368.9,51368.9,0.5137
2ef6a011-c593-4cc0-9c62-7175d2ae692e,8.93,15.01,1.0,0,134039.3,134039.3,1.3404
d57df7b3-415c-4a3b-ba54-45cce06e1552,8.02,20.07,1.0,0,160961.4,160961.4,1.6096
749a3d4a-13ba-4e04-badd-8ce11e095b97,6.31,19.12,1.0,0,120647.2,120647.2,1.2065
f501940c-3aed-4f3a-9a73-6ef7345e1070,5.6,12.49,1.0,0,69944.0,69944.0,0.6994
e3143dcb-9b79-4dcb-80fe-cd50b8418e84,8.13,13.18,5.0,0,107153.4,535767.0,1.0715
7989dbce-1e7b-4c11-b64a-2d5370a3613f,3.44,22.16,1.0,0,76230.4,76230.4,0.7623
67353e92-198e-4430-be06-227f25cd3f15,2.26,5.11,1.0,0,11548.6,11548.6,0.1155
dabbfbe4-649b-4a5b-bf06-9d2f20d79641,9.46,1.16,1.0,0,10973.6,10973.6,0.1097
818dc096-1a8b-476d-923a-90b61c1efe75,3.85,14.46,1.0,0,55671.0,55671.0,0.5567
aa3dc183-3d88-4ef0-810f-cd716923999f,3.06,14.53,1.0,0,44461.8,44461.8,0.4446
f6aefe29-95f1-4f4e-9a9b-0f06a3bd8a2b,1.72,5.31,1.0,0,9133.2,9133.2,0.0913
3689c89c-689f-4e90-820e-a742d46ef2af,8.94,16.4,1.0,0,146616.0,146616.0,1.4662
23c501b1-2bb8-4ab8-bac8-9bb63b638569,8.97,15.19,1.5,0,136254.3,204381.45,1.3625
50235c69-0ca0-4e12-8c33-277d1b28c70d,3.76,18.27,2.0,0,68695.2,137390.4,0.687
69443faa-a964-44bb-a311-f333a4db0d1d,1.62,21.47,1.0,0,34781.4,34781.4,0.3478
50c392ec-b533-491d-b92b-c4b866ff9620,3.32,22.14,1.0,0,73504.8,73504.8,0.735
8a40e620-8e75-4bcf-bc64-d64a55427239,6.3,22.4,1.0,0,141120.0,141120.0,1.4112
891ff15c-a4e4-4bed-ba27-701b003bea24,7.71,10.9,1.0,0,84039.0,84039.0,0.8404
ad005f12-dd97-447b-ac69-93978c3f569f,5.83,2.44,1.0,0,14225.2,14225.2,0.1423
6ba75912-98f5-466e-93cb-74011644786c,9.9,14.37,1.0,0,142263.0,142263.0,1.4226
71135748-5d18-4272-b68a-1fce1153d68e,8.77,7.74,1.0,0,67879.8,67879.8,0.6788
53144930-643d-4080-b772-0d61def0f5dc,1.45,1.76,1.0,0,2552.0,2552.0,0.0255
86dac895-96f9-4255-88fa-6889cd697ec6,7.37,18.78,1.0,0,138408.6,138408.6,1.3841
6f7fd488-079e-454e-83c0-fda40417ad28,4.52,21.02,1.0,0,95010.4,95010.4,0.9501
1faa2418-e44f-4bca-8107-b67f52f65e58,5.05,7.19,1.0,0,36309.5,36309.5,0.3631
f81b1f8e-0201-402c-9ad2-c44f79ef9190,9.5,0.91,1.0,0,8645.0,8645.0,0.0865
d30f5c37-bd5b-4ebb-8700-c3292d91e08c,9.2,5.37,1.0,0,49404.0,49404.0,0.494
ce4c57f6-25ed-4cd2-bea7-57fc5b79826b,5.31,0.59,1.0,0,3132.9,3132.9,0.0313
1bddfb65-ce7b-43f2-931a-07e100581ce9,2.02,13.96,1.0,0,28199.2,28199.2,0.282
656abba5-ccae-46c3-91be-51b4646aad2f,4.88,11.51,5.0,0,56168.8,280844.0,0.5617
18a4d39b-ee81-4f51-8071-8a3b3ea4f6cc,9.18,5.14,1.0,0,47185.2,47185.2,0.4719
c23a92d5-8fda-4dce-832a-91fb2fa0f991,2.94,3.26,1.0,0,9584.4,9584.4,0.0958
99eed739-1024-4631-a2b8-d2be39bd15b0,7.9,1.65,1.25,0,13035.0,16293.75,0.1304
59e27c13-eedb-45cc-9b15-1cd553bab0ae,9.6,8.12,1.0,0,77952.0,77952.0,0.7795
1986593a-20b0-4f03-95ca-fc5c52d60169,4.64,6.06,1.0,0,28118.4,28118.4,0.2812
04db5740-31e5-48d0-93e4-fb74ff606939,6.02,14.77,1.1,0,88915.4,97806.94,0.8892
54ca0331-75dc-414e-a3db-989dbea4403c,1.65,8.89,1.0,0,14668.5,14668.5,0.1467
68823424-762b-4bcb-8c1e-012cc3b35934,5.47,19.66,1.0,0,107540.2,107540.2,1.0754
33e8b77a-69b9-43f8-8ddd-19ea0df28598,5.44,7.84,1.0,0,42649.6,42649.6,0.4265
013ab506-afea-4725-ae38-6540137a5050,5.27,8.85,1.0,0,46639.5,46639.5,0.4664
10015e12-3edf-49dd-bf53-3c8de21eb3f3,5.97,14.41,1.0,0,86027.7,86027.7,0.8603
967c9c5a-cc9b-4820-8fb1-064ec18c9c24,2.03,2.96,1.0,0,6008.8,6008.8,0.0601
4195c625-c597-4545-a898-993a71d78831,9.38,17.42,1.0,0,163399.6,163399.6,1.634
1c0ab56d-2213-41a6-8e25-e6630aa9f322,2.01,3.93,1.0,0,7899.3,7899.3,0.079
ee70d15b-6520-4478-ab63-924027306f62,4.76,5.43,1.1,0,25846.8,28431.48,0.2585
c304e870-15d1-4020-94de-766a8ef07883,2.57,9.63,1.0,0,24749.1,24749.1,0.2475
47c63643-6c65-4d09-b062-d6bf8cf706a8,7.86,0.82,1.25,0,6445.2,8056.5,0.0645
8ebbafc9-a443-4fbb-b5bc-e8fb2a4177a3,4.1,14.5,1.0,0,59450.0,59450.0,0.5945
7523d008-57b8-41e9-b35e-1d6e8e79f6e9,2.09,7.6,1.0,0,15884.0,15884.0,0.1588
338d02cb-91b6-4244-80c6-a4552d397c7a,9.49,7.07,1.0,0,67094.3,67094.3,0.6709
6d201dca-ddc3-4a11-912e-834d891b12d3,4.66,7.57,1.25,0,35276.2,44095.25,0.3528
2a81f200-f10e-400f-b6f7-f3920f1b827a,1.79,17.36,1.0,0,31074.4,31074.4,0.3107
5dd2f20b-342e-46ef-b5c5-0d8f23729282,3.58,8.75,1.0,0,31325.0,31325.0,0.3133
6af3b7ea-ac17-461d-a863-ad8248e26b3e,2.88,21.15,1.0,0,60912.0,60912.0,0.6091
be82e055-4124-43ff-97b4-2022952c5d3d,2.4,8.63,1.0,0,20712.0,20712.0,0.2071
221c9220-6fe9-4250-8e10-e913f128b289,2.3,21.64,1.0,0,49772.0,49772.0,0.4977
e714454c-c872-479c-b47b-0785c8d72e4c,8.58,8.91,1.5,0,76447.8,114671.7,0.7645
087f6c3c-3f11-42b8-bf40-601935cdb606,8.8,0.97,2.0,0,8536.0,17072.0,0.0854
e5dbce75-e3a1-4f61-92bc-3184fb846403,7.92,10.18,1.0,0,80625.6,80625.6,0.8063
2cc8504e-992a-4264-a769-f866d17e3524,1.15,3.78,1.0,0,4347.0,4347.0,0.0435
0cf427ec-f020-462f-ad99-c78156bd2c89,5.12,6.53,1.25,0,33433.6,41792.0,0.3343
cde24a7d-e992-458a-bf68-68819bb9154a,6.36,18.54,5.0,0,117914.4,589572.0,1.1791
735e6b6a-6847-4825-b85a-d42b4845b32c,4.45,21.22,2.0,0,94429.0,188858.0,0.9443
1d2ef6e8-bf0f-4d37-9039-32d7e5167e77,3.13,8.04,1.0,0,25165.2,25165.2,0.2517
a7689837-9441-428a-802c-f64ee83e54c3,3.61,15.99,1.0,0,57723.9,57723.9,0.5772
04ead5e1-3817-4b06-b8d7-f4333674cb0c,2.85,6.85,1.0,0,19522.5,19522.5,0.1952
ac05c86f-1b6e-4576-894b-e22721b92cbc,6.75,19.16,1.0,0,129330.0,129330.0,1.2933
ca5d7df4-73ef-494f-be63-252d3ae69fac,1.69,6.46,1.0,0,10917.4,10917.4,0.1092
1b47b29a-46c7-4a0c-847e-17f951bc3be5,4.2,12.63,1.0,0,53046.0,53046.0,0.5305
d82d050c-322e-4de9-8dc2-229294a2362d,3.9,12.81,1.25,0,49959.0,62448.75,0.4996
37e1434e-78a5-4682-98fe-74fbe844553f,4.29,18.25,1.1,0,78292.5,86121.75,0.7829
235c2695-6c1a-4072-a05d-9d6d0f1500e0,5.83,2.17,1.0,0,12651.1,12651.1,0.1265
c6512b55-a09f-49f1-81b3-57eb2b251970,1.53,10.69,1.0,0,16355.7,16355.7,0.1636
489b195b-6aa0-4fb2-b54b-4c9da70555bd,8.13,22.67,1.0,0,184307.1,184307.1,1.8431
5dd6d05b-8453-45bc-8b90-47c99f0aa854,3.93,5.93,1.0,0,23304.9,23304.9,0.233
fb338f86-a798-46d4-ac6e-fa00345dcbb6,2.31,13.2,1.0,0,30492.0,30492.0,0.3049
834012ba-7b78-46cd-a506-a8287ad6f05d,6.54,6.64,1.0,0,43425.6,43425.6,0.4343
760e2306-ed5f-4f4c-9e65-354c216b0a8e,9.63,8.53,1.0,0,82143.9,82143.9,0.8214
7513237c-16ba-41a7-ab2d-67eb44ab8983,4.17,7.18,1.0,0,29940.6,29940.6,0.2994
e3b04f3e-8422-45cc-ab5f-0d29d0d5ba6b,3.61,19.2,1.0,0,69312.0,69312.0,0.6931
14a1460b-cfd9-4193-bd06-05185679936d,6.54,8.66,1.0,0,56636.4,56636.4,0.5664
028a3024-b46e-47d9-9cb4-9e4c9b8341f8,1.25,13.89,1.0,0,17362.5,17362.5,0.1736
bc8fa973-bc7e-4c7f-98cf-69702778aff7,8.5,10.29,1.0,0,87465.0,87465.0,0.8747
629e9c16-7b8d-4f90-a3e9-1124229819a6,2.81,13.5,1.0,0,37935.0,37935.0,0.3794
43d0c6d6-48b5-446d-8770-4f49a536aaca,6.54,9.1,1.0,0,59514.0,59514.0,0.5951
6891f073-9323-41e7-9e14-d68007ff946c,4.1,13.29,1.0,0,54489.0,54489.0,0.5449
f5e86ad6-49e7-4072-81ce-44a00042c722,6.52,2.57,1.25,0,16756.4,20945.5,0.1676
704f3243-ca13-4934-bf50-7008262c0698,9.88,0.14,1.0,0,1383.2,1383.2,0.0138
9f38ffed-573f-407a-b5dd-6929d5947003,5.99,11.77,1.0,0,70502.3,70502.3,0.705
c854c068-b2f3-4733-856f-07782d33ace2,6.69,12.0,1.0,0,80280.0,80280.0,0.8028
8400fb97-95c8-423e-8b3b-626a94c47d28,5.67,17.35,1.0,0,98374.5,98374.5,0.9837
3053aa87-ec15-470a-97f9-e7c16f25e818,6.52,14.21,1.0,0,92649.2,92649.2,0.9265
aefd541a-42d1-4bbc-995c-a4338170e427,5.36,19.27,1.0,0,103287.2,103287.2,1.0329
462fe228-182e-4387-821d-734c492b31b7,4.76,4.53,1.0,0,21562.8,21562.8,0.2156
167ca1ac-09cd-4bcf-8de5-6da73bab15e0,3.42,18.67,1.0,0,63851.4,63851.4,0.6385
106a38e6-2235-4c1d-9098-d1f3081b2bc6,9.55,0.07,1.5,0,668.5,1002.75,0.0067
12647777-c7fd-4071-ade8-303ccde153db,5.61,4.34,1.0,0,24347.4,24347.4,0.2435
39c24183-f685-4fc5-9e7c-fa8d2462ea4a,9.32,21.82,1.0,0,203362.4,203362.4,2.0336
57535355-ff4e-4071-a23d-258e07ae0a31,6.29,11.49,1.0,0,72272.1,72272.1,0.7227
8cb7e0e8-60d5-424e-9824-c6e5773c1d46,4.68,10.56,1.0,0,49420.8,49420.8,0.4942
b935464a-2a11-4b9c-bc71-a830d47182f4,6.61,0.44,1.0,0,2908.4,2908.4,0.0291
e3d2da24-cb18-4d82-a773-236ed75106fd,2.04,1.02,1.5,0,2080.8,3121.2,0.0208
b303eaab-0740-4734-a63a-76173f492e78,3.84,17.59,1.0,0,67545.6,67545.6,0.6755
6ba52b97-f92f-4413-93a5-57d6f4e47a4d,9.05,7.34,2.0,0,66427.0,132854.0,0.6643
5d30b099-315a-4284-83eb-9c9a937ff115,9.53,13.47,1.0,0,128369.1,128369.1,1.2837
f8b9db3b-6eb2-4dc0-a892-404c37962d3a,9.26,0.07,1.0,0,648.2,648.2,0.0065
3ba2ce82-fe01-4914-8b23-b52789848dd4,1.54,7.22,1.0,0,11118.8,11118.8,0.1112
8490f7a2-665c-4237-ae58-a48da815c2c9,2.34,6.02,1.0,0,14086.8,14086.8,0.1409
c7785a90-c083-4f46-8d26-decfa24c5413,4.34,16.71,1.0,0,72521.4,72521.4,0.7252
22142535-689b-46f0-b860-654c4ef9ef91,8.87,9.88,1.0,0,87635.6,87635.6,0.8764
6c0f5e56-9eb8-4c59-9e32-32d6a1c12dc9,7.54,1.26,1.0,0,9500.4,9500.4,0.095
5f67c387-25e4-4e57-bbc9-58a5ea185800,1.2,12.69,1.0,0,15228.0,15228.0,0.1523
bd0253e2-ef51-42f2-a7bf-056914e273f3,8.38,18.98,1.5,0,159052.4,238578.6,1.5905
6ccb222a-de5d-4fa8-8b53-ff44694f0449,3.59,2.81,1.0,0,10087.9,10087.9,0.1009
58deab5a-6769-4f97-80bc-4f922a2c131b,9.45,12.19,1.0,0,115195.5,115195.5,1.152
55fe3833-e878-436c-b6b6-a20ba58701b7,4.68,13.54,1.0,0,63367.2,63367.2,0.6337
2f69c0d2-5afd-45ed-ad5c-46b5a40ea4c9,9.69,1.11,1.0,0,10755.9,10755.9,0.1076
9f27d8ad-dc91-4bb2-833a-322df70ca0b0,1.45,13.18,1.0,0,19111.0,19111.0,0.1911
42232b43-1221-487c-8f90-ac99336bd702,1.55,18.0,1.0,0,27900.0,27900.0,0.279
f15fe4b0-f8b9-4aa4-8460-a27c0aaa1025,9.43,2.38,1.0,0,22443.4,22443.4,0.2244
c7ca574a-f0d5-42c5-a5c3-eeaf4c10f191,3.3,22.35,1.0,0,73755.0,73755.0,0.7376
a7fba089-20d2-4a42-8236-e156ab4b3953,8.09,3.01,1.0,0,24350.9,24350.9,0.2435
94c5f638-499d-415b-80ad-003f2204a711,4.4,11.56,1.0,0,50864.0,50864.0,0.5086
0adf4c0a-c7b8-4831-b709-ee11f0cb8445,9.76,2.45,1.0,0,23912.0,23912.0,0.2391
a09fce57-5b5f-4c93-b856-0a6bc79e4ddf,1.65,0.52,1.0,0,858.0,858.0,0.0086
aa8be6c3-5b33-429f-9844-2af356661ee6,7.43,7.47,1.1,0,55502.1,61052.31,0.555
1e4c7692-a7a8-4212-be1b-42eee402ce23,7.56,15.44,1.0,0,116726.4,116726.4,1.1673
93699cf6-3a70-436b-9caa-b9145a646c29,9.99,9.98,1.0,0,99700.2,99700.2,0.997
a46c4f1f-82ca-4a50-94dc-a89449e885fc,1.31,8.1,1.0,0,10611.0,10611.0,0.1061
9b57f605-c453-47cd-b091-c10228bf67b5,3.74,19.95,1.0,0,74613.0,74613.0,0.7461
69642a37-0e7a-4888-b37b-be0c64a8ed72,2.27,12.43,1.0,0,28216.1,28216.1,0.2822
99cf67d3-d8c4-466a-acde-48605ea70bb2,4.42,2.77,1.0,0,12243.4,12243.4,0.1224
e36146f3-af10-4010-9000-cb20a3e5b4bd,8.1,8.48,1.1,0,68688.0,75556.8,0.6869
4cb56cbd-3e1c-479d-84d4-99e254fe35a9,3.64,12.59,1.0,0,45827.6,45827.6,0.4583
c3aba14f-00c5-44c3-b018-fcfaf1a2fc26,7.5,3.79,1.0,0,28425.0,28425.0,0.2843
3d946e60-bcfe-4231-bfda-361518d125ea,4.06,6.32,1.0,0,25659.2,25659.2,0.2566
6f341509-2223-41da-8686-e2d479ab8ba7,4.94,22.06,1.0,0,108976.4,108976.4,1.0898
a5478d8c-e4a5-49bb-b9dd-d0a0f6462140,7.99,12.93,1.0,0,103310.7,103310.7,1.0331
05abc5e4-4f50-4241-b7c7-699c82960aa6,9.41,6.8,1.1,0,63988.0,70386.8,0.6399
4d24af74-ef8d-4aa5-a873-e7d8d5593d9a,8.4,0.23,1.0,0,1932.0,1932.0,0.0193
9569ac08-33bd-436b-8ab4-9b80c22f8089,7.59,8.81,1.0,0,66867.9,66867.9,0.6687
1769e3de-c4e6-4a36-a69c-1c8cef2d50d7,6.66,10.4,1.0,0,69264.0,69264.0,0.6926
228f29b7-3fbb-4cf8-8a44-2e9d9246e8b6,7.04,2.99,1.25,0,21049.6,26312.0,0.2105
20bc9f03-8250-4f0e-8598-3c4a6686406a,2.57,12.31,1.0,0,31636.7,31636.7,0.3164
781df57e-d5a6-4c0f-a04f-29565ce4421d,9.12,5.17,1.0,0,47150.4,47150.4,0.4715
e0c45c86-68df-4568-9abd-6307646a3084,6.18,12.17,1.0,0,75210.6,75210.6,0.7521
06332d24-7c12-44ab-a0a6-376e78b59b56,6.29,11.04,1.5,0,69441.6,104162.4,0.6944
7aa1ba4b-4c7c-4bb2-bcc4-6e49972b2500,6.33,17.95,1.0,0,113623.5,113623.5,1.1362
7d6f34a5-3ca6-4bb7-894d-ff9e0dcd5250,5.46,18.47,1.0,0,100846.2,100846.2,1.0085
c748db3a-fe33-4983-b638-03621df7d9d4,8.83,13.49,1.0,0,119116.7,119116.7,1.1912
74fdf67b-2dbe-494d-9bfb-4232595439a6,8.68,6.27,1.0,0,54423.6,54423.6,0.5442
01b1f859-5201-45d5-aa33-f80cf3e9ccf5,8.61,7.37,1.0,0,63455.7,63455.7,0.6346
c8b91449-d4e4-4059-8f82-23a3ee6bb3de,5.38,15.12,1.0,0,81345.6,81345.6,0.8135
08807541-0597-4739-b940-194661552712,6.38,16.13,1.0,0,102909.4,102909.4,1.0291
c7edf227-5f4a-4862-b771-134740d134b8,1.69,21.76,1.0,0,36774.4,36774.4,0.3677
c8daddd2-5bb4-4007-aefe-7663a3b4303a,8.29,8.93,1.0,0,74029.7,74029.7,0.7403
35e6add0-6135-4905-b68d-ac32f1662c46,6.15,17.86,1.0,0,109839.0,109839.0,1.0984
7cc74841-6056-4044-9623-4b1496ab9d04,7.48,11.16,1.0,0,83476.8,83476.8,0.8348
7e669166-c4e2-4b4e-9cc6-035de935eeda,1.42,0.46,1.0,0,653.2,653.2,0.0065
ea0d2a39-e7c9-454b-9d75-30b0a1c63cbf,1.21,5.18,1.0,0,6267.8,6267.8,0.0627
8d147c2c-3d8c-4d81-8605-3edcff73b38a,3.09,21.35,1.0,0,65971.5,65971.5,0.6597
f4fdf643-bd03-401a-a4b3-8f14a95fa43c,5.34,0.4,1.0,0,2136.0,2136.0,0.0214
39b6e5d4-27ce-4ab7-b6d3-c3c1488a51c4,2.15,20.52,1.1,0,44118.0,48529.8,0.4412
6fc43f17-63b5-4e0b-9016-df5deb77ffd3,9.77,5.19,1.0,0,50706.3,50706.3,0.5071
a4a243c5-2a6f-4882-b59c-fb42debde41e,3.7,21.94,1.0,0,81178.0,81178.0,0.8118
cf69971e-4564-4dda-aac9-a2b8a7b317ad,7.75,6.59,1.0,0,51072.5,51072.5,0.5107
0a2ead2e-be0f-47fd-a097-28d88c429e65,7.95,20.21,5.0,0,160669.5,803347.5,1.6067
b52bbb0d-8de5-4a49-bd42-c30e014ca5d5,4.65,1.39,1.0,0,6463.5,6463.5,0.0646
a3f22ec4-5181-45b7-a16d-37fe403b19f6,6.3,10.83,1.0,0,68229.0,68229.0,0.6823
ad831a4f-9226-47cd-bda4-5d9fd7dd1bdb,5.7,4.05,1.0,0,23085.0,23085.0,0.2309
c36446da-a1e4-4c9e-9225-c6eb8ec9bd50,8.18,19.7,1.0,0,161146.0,161146.0,1.6115
715c5497-0bcd-405a-826f-cbcc0ace5a6b,5.05,8.26,1.0,0,41713.0,41713.0,0.4171
edfc173f-29a2-4f99-9703-839bb4e6bd99,8.84,21.29,1.0,0,188203.6,188203.6,1.882
bf2a1fb6-0410-458c-8d3e-b8327bb02bf6,8.18,9.64,1.0,0,78855.2,78855.2,0.7886
cbb17c3b-6ea6-4491-85fc-d28f5fc88790,1.32,5.22,1.0,0,6890.4,6890.4,0.0689
6cd46068-1121-4b29-b2a1-ed7fc3ac9bf3,4.24,13.25,1.0,0,56180.0,56180.0,0.5618
d95af152-54bd-43a9-8229-82106be7a4d6,6.11,18.43,1.0,0,112607.3,112607.3,1.1261
b375bfb0-5dc3-484e-9b5c-90c939f58d7e,8.75,11.84,1.0,0,103600.0,103600.0,1.036
17c53eef-d649-464d-aaa2-374fa8d18696,2.5,0.78,1.0,0,1950.0,1950.0,0.0195
8f4ea5d3-a33f-47c3-8f22-5f7e8301e9c9,7.41,19.55,1.0,0,144865.5,144865.5,1.4487
3d3212a2-582d-4a37-86db-fd1d0e6947e6,1.69,22.32,1.25,0,37720.8,47151.0,0.3772
76d66588-3324-4daa-9b4d-9ac934c412b8,4.23,17.45,1.0,0,73813.5,73813.5,0.7381
08899843-4141-4782-9393-5dc56b3d5010,9.04,10.94,1.25,0,98897.6,123622.0,0.989
edc72d52-2446-4a92-9647-5b94c8e2449a,9.47,15.37,1.0,0,145553.9,145553.9,1.4555
94e41e0e-e211-489a-973a-ab1f078dfe49,1.04,6.61,1.0,0,6874.4,6874.4,0.0687
65b07cd8-4cc3-4bf7-898c-f479698e5f25,6.92,3.05,5.0,0,21106.0,105530.0,0.2111
7ad6a625-ad9f-473a-af00-3a08fa95b052,9.9,16.63,1.0,0,164637.0,164637.0,1.6464
4a02f582-8f18-4494-9703-6f4e1e048c6a,9.16,9.39,1.0,0,86012.4,86012.4,0.8601
f2820e19-f3d5-4591-9c3b-2ef45fc4f958,4.51,2.04,1.0,0,9200.4,9200.4,0.092
c0ec204c-f2d2-4854-8846-5f32731b2f2f,3.77,0.79,1.0,0,2978.3,2978.3,0.0298
4cc92c7b-1c18-4faf-ba52-bf6a2b48e109,8.68,8.12,1.0,0,70481.6,70481.6,0.7048
ab3687a6-dcd6-4a54-b2f4-4c1aa1eed829,4.15,6.15,1.0,0,25522.5,25522.5,0.2552
d40413d6-67bf-4369-b261-bc5a84f9174e,6.07,10.17,1.0,0,61731.9,61731.9,0.6173
6459ec73-d548-4078-8c6c-1ccfa2ab8991,5.45,16.98,1.0,0,92541.0,92541.0,0.9254
6dd27cab-bacd-4992-a139-0df58853cbe5,7.24,2.67,1.0,0,19330.8,19330.8,0.1933
46c2ac84-7ab3-493f-8654-6186b46e74fb,5.41,13.13,1.0,0,71033.3,71033.3,0.7103
cf02925e-3d89-41f5-ba05-574e42681c8d,2.02,3.7,1.0,0,7474.0,7474.0,0.0747
c86f9a2a-b7fe-4b26-9bfa-35da68be0978,9.64,3.36,1.0,0,32390.4,32390.4,0.3239
79242aff-c0be-4a91-8786-3db212c4a606,7.56,13.51,1.0,0,102135.6,102135.6,1.0214
dbd13999-dda6-4e98-9220-e595753591b9,4.45,11.98,1.0,0,53311.0,53311.0,0.5331
58352c7b-61f3-4c1f-b17e-3f10fa19f1f6,6.12,0.6,1.0,0,3672.0,3672.0,0.0367
877a7713-0943-49ae-91c1-1895e7b2b114,2.92,13.5,1.25,0,39420.0,49275.0,0.3942
a9982d90-a546-43e2-a096-5c4301f05385,7.76,13.53,1.0,0,104992.8,104992.8,1.0499
def1ea2b-bf59-45d1-9c88-5760fa78d0b4,2.87,7.9,1.0,0,22673.0,22673.0,0.2267
6854c3f2-b2bb-49c9-aba3-18503a526050,6.86,0.51,1.0,0,3498.6,3498.6,0.035
43a3fe4b-4635-46c5-85af-fb9125136f09,7.56,10.34,1.0,0,78170.4,78170.4,0.7817
0bc844bb-9323-4a2d-99e3-6bc4340a40d6,5.41,14.09,1.0,0,76226.9,76226.9,0.7623
c231e134-b256-4a94-a323-6081821d10e1,4.73,8.25,1.0,0,39022.5,39022.5,0.3902
59c3eeae-d4ac-4376-9680-0a6ff8588697,4.15,10.94,1.0,0,45401.0,45401.0,0.454
df573130-2871-4024-8134-914db86f3e36,3.79,5.91,1.0,0,22398.9,22398.9,0.224
cb72e4ef-8784-4152-b46d-fccb431852bd,9.28,8.96,1.0,0,83148.8,83148.8,0.8315
d24db567-be82-4445-98cb-2cc55d493a70,4.81,14.49,1.1,0,69696.9,76666.59,0.697
a6ccbf2b-7dee-4dc2-886a-d4141767b5bb,9.22,16.35,1.25,0,150747.0,188433.75,1.5075
b50db781-f41c-4a26-8afc-af70141dc90d,4.01,3.98,1.5,0,15959.8,23939.7,0.1596
9b1160f5-a8ea-4127-ac74-f40cc346b6ce,6.55,7.41,1.1,0,48535.5,53389.05,0.4854
1dc435e2-d892-475f-aa25-17251b3b2bb0,5.5,2.7,1.0,0,14850.0,14850.0,0.1485
59e8801e-af1a-43f3-82d3-3bbb2ea5d57a,9.61,18.68,1.0,0,179514.8,179514.8,1.7951
564a62a0-52de-492b-bfe7-8a95aac67967,4.95,14.44,1.0,0,71478.0,71478.0,0.7148
22a08fae-dcb9-4924-9844-4e4372bdebc1,5.35,2.68,1.0,0,14338.0,14338.0,0.1434
68943d62-7f5e-410e-82b7-9dcd7f4beaf2,2.5,19.83,1.0,0,49575.0,49575.0,0.4958
d100f5b7-abc9-4377-b84a-77e13a62173e,6.9,3.36,1.0,0,23184.0,23184.0,0.2318
1f8887ee-54d0-4e84-9928-dc865cd9706d,5.23,19.87,1.0,0,103920.1,103920.1,1.0392
9b6a7b65-401d-4f87-80b4-a9b58336ccb9,2.92,13.33,1.0,0,38923.6,38923.6,0.3892
3a66487a-6da1-47e8-9048-b70a7dea2c21,9.56,20.64,1.0,0,197318.4,197318.4,1.9732
95f41b4e-6010-4fdf-8e1a-27aa4e22f9e5,7.69,1.27,1.0,0,9766.3,9766.3,0.0977
ac7b0877-c23a-4732-afdf-4621f3b5ec91,2.37,5.75,1.0,0,13627.5,13627.5,0.1363
3e4918c2-50ab-40a7-b0dd-64f48c307e77,6.23,0.67,1.0,0,4174.1,4174.1,0.0417
71dc8b25-ee4b-4e16-9964-b83921cefaeb,8.26,1.06,1.0,0,8755.6,8755.6,0.0876
c4c9bef1-ec81-49e5-a97a-dae44ca54f4a,5.18,15.27,1.0,0,79098.6,79098.6,0.791
fd11c161-9038-4f4e-ae09-947c477b92ac,2.19,20.78,1.0,0,45508.2,45508.2,0.4551
84906a4d-4bde-4a91-8d5b-1872c82384d1,2.69,4.71,1.0,0,12669.9,12669.9,0.1267
ad0b129e-6724-4ec7-821c-3f15ed9ad0a4,4.68,12.76,1.0,0,59716.8,59716.8,0.5972
e3e3994a-7bbe-48f9-b1f5-25fd01d5fde5,2.57,0.75,1.0,0,1927.5,1927.5,0.0193
5fb5786c-bcad-4e1d-9fcc-f5c9b49c8554,3.62,20.97,1.0,0,75911.4,75911.4,0.7591
2e1e0a55-4fa9-42c1-bfa0-4cec004f989f,8.11,1.36,1.0,0,11029.6,11029.6,0.1103
892e4653-7908-4be9-9fae-0ef4062860af,5.88,22.05,1.0,0,129654.0,129654.0,1.2965
cb67281d-ec28-4a00-a422-3ec610d0271f,9.96,9.55,1.0,0,95118.0,95118.0,0.9512
b5909195-2b44-4570-9ef2-b4ab9ef539a9,8.95,15.27,1.0,0,136666.5,136666.5,1.3667
3d557a6e-64d5-408f-8ab0-9d9244485a8b,7.36,11.59,1.0,0,85302.4,85302.4,0.853
7597bd4c-862f-4c88-9695-cf62e827d221,4.34,15.57,1.0,0,67573.8,67573.8,0.6757
9fb25c6a-b66d-4ddb-974e-3dc0a8b8c0e3,4.93,15.75,1.0,0,77647.5,77647.5,0.7765
c8501e7c-3eba-4710-af99-f98e4f2b5df8,3.87,16.42,1.0,0,63545.4,63545.4,0.6355
9d4975ce-ded2-4657-9781-f7174f8a3879,8.69,13.1,1.0,0,113839.0,113839.0,1.1384
59c1b890-7ce5-41ca-87a7-2f88d77e6861,2.84,19.15,2.0,0,54386.0,108772.0,0.5439
9e296856-2c76-40d6-8f0d-5539995d7f16,1.96,1.88,1.0,0,3684.8,3684.8,0.0368
8d7e89ff-ca1a-415f-857d-4b791a6cdcf0,9.52,1.88,1.0,0,17897.6,17897.6,0.179
baca8af5-05bc-49f4-bf23-7bb72fa705dc,8.59,21.35,1.0,0,183396.5,183396.5,1.834
dec7298a-6342-4cc0-924e-291b91fdad27,8.37,4.95,1.0,0,41431.5,41431.5,0.4143
d4798ee5-2c88-41fb-89fb-0df1e803bb4e,1.05,13.65,1.0,0,14332.5,14332.5,0.1433
72a254f3-bcf3-4b3a-bcea-ec4e8a2cecec,2.18,19.77,1.5,0,43098.6,64647.9,0.431
343f9e45-94da-45b4-b4a9-6d25c08da404,4.61,11.08,1.5,0,51078.8,76618.2,0.5108
cc7f2d28-b98e-49d0-9dda-e055a6eb950e,1.61,9.48,2.0,0,15262.8,30525.6,0.1526
f432a8f8-1755-46ce-ba25-eafcecec5d34,4.48,10.5,2.0,0,47040.0,94080.0,0.4704
2b1dc23c-2a72-4802-803f-c3582c241a65,9.71,2.08,1.5,0,20196.8,30295.2,0.202
84ef715e-78f5-46c4-84a8-5bbae960bd9b,5.26,5.76,1.0,0,30297.6,30297.6,0.303
1f4770bf-8edf-4029-adc0-ee7691eebefd,9.27,21.68,1.0,0,200973.6,200973.6,2.0097
de552f88-b2bc-436a-98c9-fa58090bf472,2.61,13.39,1.1,0,34947.9,38442.69,0.3495
8431635e-b352-48b6-b6c9-613a3bba6223,6.6,14.99,1.0,0,98934.0,98934.0,0.9893
b420fb55-a899-4a5f-8036-6e1759ce5ce3,3.12,3.23,1.0,0,10077.6,10077.6,0.1008
05c0d897-2eba-4e77-b823-656deb4fb870,5.27,7.21,1.0,0,37996.7,37996.7,0.38
ccdb7c6e-e05a-4ef8-9ce5-537e12447a99,9.95,1.07,1.0,0,10646.5,10646.5,0.1065
ebce651f-c49c-47bd-9209-20cb9484ba3b,4.15,9.25,1.0,0,38387.5,38387.5,0.3839
45779107-4325-4162-b27f-d08eeb4c3d4b,3.07,2.08,1.0,0,6385.6,6385.6,0.0639
cc0a1ae6-665b-41b3-b768-56162d2fff1b,2.96,19.13,1.0,0,56624.8,56624.8,0.5662
69aefa2c-348d-4234-98cf-fd6adf36d698,7.45,13.71,1.5,0,102139.5,153209.25,1.0214
00e91864-f6a5-4c33-939e-ebfa412a6517,6.78,12.53,1.0,0,84953.4,84953.4,0.8495
3c6a336c-d92c-4ce9-a09c-69c93ea8f992,4.11,3.02,1.0,0,12412.2,12412.2,0.1241
62ac96e9-8ea8-428d-a3e7-a421ca516e60,2.61,3.14,1.0,0,8195.4,8195.4,0.082
a883e154-2986-4baf-a433-f08e6e938465,7.86,1.61,1.0,0,12654.6,12654.6,0.1265
29bb5281-3613-48dd-8fa3-ef7b998983fb,4.32,14.19,1.0,0,61300.8,61300.8,0.613
bdb7a6c7-b81e-4f17-ad03-0f8a32b45dcb,2.89,21.74,1.0,0,62828.6,62828.6,0.6283
5c9b7ed4-a287-465c-8d56-37f405b5250d,9.78,7.93,1.0,0,77555.4,77555.4,0.7756
02255aa7-015e-4484-a91b-8a6b0e1f0a99,4.01,8.96,1.0,0,35929.6,35929.6,0.3593
f91ec82a-6605-4f97-9d9c-da52b3d79225,9.65,4.18,2.0,0,40337.0,80674.0,0.4034
37e342dc-567b-469e-b4f8-328f7c306a2a,6.41,15.29,1.0,0,98008.9,98008.9,0.9801
7e3f695b-edf8-4c51-89ba-4a10f9dc7ed8,5.36,13.74,1.0,0,73646.4,73646.4,0.7365
708db639-0882-43bd-92bf-2a69d21175c3,7.31,10.0,1.0,0,73100.0,73100.0,0.731
f3472bd2-41be-4e6b-863f-adf782dba634,5.76,19.91,1.0,0,114681.6,114681.6,1.1468
9f77fe46-fd14-45d2-87a5-dee9b62e5fa7,3.6,22.96,1.0,0,82656.0,82656.0,0.8266
99224fbb-ecd5-4284-bbbc-7e3987702f8e,6.8,11.1,1.25,0,75480.0,94350.0,0.7548
2082ee43-94fb-4e55-8db4-fc2081fd8eb5,2.2,13.82,2.0,0,30404.0,60808.0,0.304
5c8c1554-03eb-4004-a5bb-a530b7681582,7.44,21.05,1.0,0,156612.0,156612.0,1.5661
a2eb4647-1432-4e42-baa9-495601ae840e,9.61,17.64,1.0,0,169520.4,169520.4,1.6952
354855b2-fada-459f-9ff1-d8910f9a32d3,8.22,11.19,2.0,0,91981.8,183963.6,0.9198
0108d8d5-92e3-4ec5-beb0-2677cf615f16,6.03,20.68,1.0,0,124700.4,124700.4,1.247
293a4da7-d03f-4c80-aa67-04bc7a9ca17b,1.9,9.77,1.0,0,18563.0,18563.0,0.1856
6d6e5215-4cf0-4da1-9fa9-2206767ade93,1.96,9.82,1.0,0,19247.2,19247.2,0.1925
e4f12b17-745c-4285-9c2f-ed3de7f9a87e,6.55,11.38,1.0,0,74539.0,74539.0,0.7454
2b89d657-76a3-4fe7-8f77-3c1239a6c2a1,8.17,9.78,1.0,0,79902.6,79902.6,0.799
c32f42e6-dfaa-4297-aee4-fae228018d60,5.61,13.98,1.0,0,78427.8,78427.8,0.7843
8f15a58f-6c7f-491d-9a1b-89b961c9ca66,5.64,18.33,1.0,0,103381.2,103381.2,1.0338
10de8318-a667-4ace-9e4e-1129465d5aba,4.56,19.51,1.0,0,88965.6,88965.6,0.8897
ffde2587-8c18-4f4a-8fb4-2884530f5c70,6.05,9.06,1.0,0,54813.0,54813.0,0.5481
c64a83af-f661-451c-8144-45c3f3e86f3f,6.84,20.37,1.0,0,139330.8,139330.8,1.3933
5cb59d12-7419-490b-b3bb-b39bd67deb68,9.5,22.44,1.0,0,213180.0,213180.0,2.1318
95e674c9-8d94-47f4-8258-757e5facef1f,9.97,3.87,1.0,0,38583.9,38583.9,0.3858
be33bd13-f46b-42ac-bd2c-58b699cd6380,5.42,17.25,1.0,0,93495.0,93495.0,0.935
5add15ae-e848-4602-b640-eeede76c9283,6.88,11.45,1.0,0,78776.0,78776.0,0.7878
c1fcdd98-dcfb-419e-83c2-6bbaf1e47f74,1.22,12.8,1.1,0,15616.0,17177.6,0.1562
cf8d54c3-5b36-4cbd-bbcb-e7b5c6d1eaa4,9.49,2.85,1.0,0,27046.5,27046.5,0.2705
2ae9232d-9a33-4f3f-b344-0a5f9a116b15,9.4,0.46,1.0,0,4324.0,4324.0,0.0432
ad099682-b4e6-4cad-9f21-e3a6d9988ae8,7.0,0.47,1.0,0,3290.0,3290.0,0.0329
7a49b987-15af-4666-981c-6b8fb5c1a946,7.46,11.68,1.0,0,87132.8,87132.8,0.8713
c6fd0dfb-e2d7-4390-bcb9-8be7b05a375b,6.89,2.37,1.0,0,16329.3,16329.3,0.1633
44f5e697-64e5-4f05-b14b-0d7da1c67a62,4.16,16.34,1.0,0,67974.4,67974.4,0.6797
b234c9e0-721b-4ee8-a6fd-4a79fadadfbf,4.44,19.12,1.0,0,84892.8,84892.8,0.8489
cd75cbf8-4aaa-4409-be23-cb5fc37d91a1,6.27,15.11,1.0,0,94739.7,94739.7,0.9474
30f407e9-e92b-4fb0-8be5-45c76651adfc,5.98,20.88,1.0,0,124862.4,124862.4,1.2486
f6f496a3-2781-4215-a830-bd9623c87e39,5.87,15.08,1.0,0,88519.6,88519.6,0.8852
2e9d1825-21ef-4264-ad68-dcfdc5c7f10c,8.38,6.42,1.0,0,53799.6,53799.6,0.538
0408e99b-5904-48db-a090-db89e062dcf0,3.79,14.33,1.1,0,54310.7,59741.77,0.5431
c5aab71f-a12d-4b43-98a5-170371dd2b96,3.3,21.4,1.0,0,70620.0,70620.0,0.7062
fe36fcca-f13b-4f92-bc04-3d9586458ea3,9.4,9.21,1.1,0,86574.0,95231.4,0.8657
01d38d80-4002-4f6c-b2ee-68f3695dfb01,8.61,3.58,1.0,0,30823.8,30823.8,0.3082
a36bca20-cd2a-4f41-bbf0-b99271076821,2.23,2.47,1.0,0,5508.1,5508.1,0.0551
782cafb0-8882-4393-89ea-d09f4abcd62d,9.81,18.38,5.0,0,180307.8,901539.0,1.8031
20b473ef-9bc4-4058-86fa-cbb6f8fa4f1e,1.15,11.17,1.25,0,12845.5,16056.88,0.1285
11863f60-243f-45bf-9782-540d3a00e7ff,4.18,19.97,1.25,0,83474.6,104343.25,0.8347
a3dbb82d-65f6-4215-9587-305eb1debaee,3.33,16.69,1.0,0,55577.7,55577.7,0.5558
ef585dc1-1e75-4095-b920-88966389c3f5,3.37,22.23,1.0,0,74915.1,74915.1,0.7492
bbf810cd-d444-4337-9a18-c203c6b0123f,6.82,16.22,1.0,0,110620.4,110620.4,1.1062
621f268c-b4c1-4159-8499-8e54e8ee6d9a,6.19,14.32,1.0,0,88640.8,88640.8,0.8864
ef393696-27a8-4e23-8c93-a1a9d6255acb,4.35,11.47,1.1,0,49894.5,54883.95,0.4989
d1060d25-03c8-4e7d-874e-433376240927,7.2,0.96,1.0,0,6912.0,6912.0,0.0691
9c1662a7-f2ed-4895-ab72-f9b94ca0502e,9.15,4.18,1.0,0,38247.0,38247.0,0.3825
4672d9ad-5c6e-4e88-9466-75712796892d,2.7,5.73,1.0,0,15471.0,15471.0,0.1547
097b0b64-5f07-4528-aec7-0d238df9372e,9.73,6.97,1.1,0,67818.1,74599.91,0.6782
4749278b-e86d-496e-b241-6b39410a73b5,2.84,13.75,1.0,0,39050.0,39050.0,0.3905
b5cfc1a4-dace-4f2b-9e50-84b343ee02ca,3.03,21.91,1.0,0,66387.3,66387.3,0.6639
e494df28-b310-4d74-a647-8e9b83e690a7,9.44,2.63,1.0,0,24827.2,24827.2,0.2483
0fbc2d25-4d18-4129-b0f8-47017b01fe31,2.42,22.74,1.0,0,55030.8,55030.8,0.5503
4bae349f-a7dc-42f8-bb32-4a9f85ef532c,7.88,9.29,1.0,0,73205.2,73205.2,0.7321
e6b709bf-33eb-4d91-a5d3-9e4bec773c01,7.13,4.91,1.0,0,35008.3,35008.3,0.3501
30e261e6-bd83-4050-b2eb-7fb94a1daed9,6.16,4.38,1.0,0,26980.8,26980.8,0.2698
843d4a44-3ae5-4f3d-85aa-cbab5296d9eb,6.2,10.64,1.0,0,65968.0,65968.0,0.6597
71c50aa0-25de-46d9-aff6-c762fe1b6bec,8.63,10.16,1.0,0,87680.8,87680.8,0.8768
2dd15aea-77fb-42fe-8dd4-bb1ecad698bf,6.77,18.84,1.0,0,127546.8,127546.8,1.2755
23b45b51-2a84-4a3d-81a4-df857ca95f64,5.0,2.42,1.0,0,12100.0,12100.0,0.121
492f6e2b-7a23-439d-b041-6e1746d543e3,7.03,11.83,1.0,0,83164.9,83164.9,0.8316
a36d554f-b176-4a2e-b51c-e377cbbd07e3,7.43,10.96,1.0,0,81432.8,81432.8,0.8143
2733675b-e6b8-4983-9e80-6e6d8a11e691,2.9,4.42,1.5,0,12818.0,19227.0,0.1282
1acb326a-53a0-4632-a0bb-386b7ced3030,8.8,16.76,1.0,0,147488.0,147488.0,1.4749
0e27fac1-36ef-4f65-bcd0-a3b724bf1ccb,4.79,19.18,1.1,0,91872.2,101059.42,0.9187
58f8da76-805e-4490-ad12-c79b146aa9c1,2.4,2.51,1.0,0,6024.0,6024.0,0.0602
a6fc3739-3272-4c8b-baef-90bc08b457fe,7.15,22.86,1.0,0,163449.0,163449.0,1.6345
80b4e653-912c-40d9-b873-134b17c4bafe,4.5,20.83,1.0,0,93735.0,93735.0,0.9374
7b954fc6-d8fe-4a88-bf2b-756daf90289c,4.54,14.71,1.0,0,66783.4,66783.4,0.6678
f92b4b7c-194c-4a8d-a7bf-32ee2209a43e,6.98,15.23,1.0,0,106305.4,106305.4,1.0631
df13910d-47ce-4343-afe7-cc2825e37ee7,2.22,5.27,1.0,0,11699.4,11699.4,0.117
9cd4efff-6651-462d-bff2-d22de6849302,7.55,5.03,1.0,0,37976.5,37976.5,0.3798
41345c24-a826-4745-95ba-923a97a0a67f,9.61,14.95,1.0,0,143669.5,143669.5,1.4367
6981fa4f-651e-42ca-b149-3399ce77daef,7.01,3.75,1.0,0,26287.5,26287.5,0.2629
aa80f820-d79d-48f2-9af1-e63aac844047,5.15,5.24,1.0,0,26986.0,26986.0,0.2699
0b891796-91fb-482e-a5ef-273ce395ec56,7.84,22.07,1.0,0,173028.8,173028.8,1.7303
941e396d-24b6-4b71-af00-2805961a8772,1.55,12.06,1.0,0,18693.0,18693.0,0.1869
494454c3-e331-4d9f-9358-1ee4329f55bd,3.81,1.71,1.0,0,6515.1,6515.1,0.0652
ca65ae74-4963-47fc-acef-4c3fd4d22052,5.07,10.23,1.1,0,51866.1,57052.71,0.5187
02db69da-8b97-4d2e-95b7-55de6e7010b1,8.28,13.27,1.0,0,109875.6,109875.6,1.0988
3f83d816-acab-4b73-b4d3-84b818d409bb,1.93,11.55,1.0,0,22291.5,22291.5,0.2229
70373fa8-33bf-4a61-9f42-aaa5b7868221,9.88,13.34,1.0,0,131799.2,131799.2,1.318
7d6725b9-f2c9-4f2e-bd44-5b842eeb1dcd,3.85,6.44,1.0,0,24794.0,24794.0,0.2479
